section,setId,setSeq,questionType,contentType,contentBody,intAnswer,prepTime(in_seconds),floatAnswer.max,floatAnswer.min,fitbAnswer,mcscAnswer,subjectiveAnswer,option.1,option.2,option.3,option.4,option.5,mcmcAnswer,tagRelationships,difficultyLevel
VARC,VARC-RC1,1,mcsc,markdown,"For most of human history, the night sky was a shared inheritance: a band of stars visible to anyone who looked upward. That inheritance is quietly dissolving. The spread of electrified cities has scattered artificial light into the atmosphere, where dust and moisture scatter it further, producing a diffuse glow that astronomers call skyglow. Under this veil, the faint light of distant stars is simply drowned out. Surveys now suggest that a large share of people alive today have never seen the Milky Way from where they live, and that the brightness of the night sky over inhabited regions is rising by a few per cent each year.

The consequences reach well beyond stargazing. Many organisms time their behaviour by natural cycles of darkness. Migrating birds, which navigate partly by the stars, can be disoriented by illuminated buildings; insects exhaust themselves circling lamps; hatchling sea turtles, which instinctively crawl toward the brightest horizon, may turn inland toward roads instead of out to sea. In each case a cue that was reliable for millions of years has been overwritten by a human signal.

What makes light pollution unusual among environmental problems is how readily it can be reversed. Carbon dioxide lingers in the atmosphere for centuries; a poorly aimed streetlamp stops polluting the moment it is switched off or shielded. Lighting that points downward, that is no brighter than a task requires, and that is dimmed when no one is present can preserve both safety and darkness. The obstacle is not technical but a habit of mind that equates more light with more progress. Recovering the night sky, then, asks less for new invention than for a willingness to use, more thoughtfully, the light we already command.

**Which of the following best expresses the main idea of the passage?**",,120,,,,3,,Artificial light has now made it completely impossible for most people on Earth to see any stars at all from any of the places where they currently live and work.,"The disorientation of migrating birds, circling insects, and stranded sea turtles is now the single most urgent environmental crisis facing the entire planet.","Light pollution is a serious but unusually reversible problem, and addressing it depends more on changing our lighting habits than on inventing new technology.","Astronomers, rather than elected officials, should be given final authority over urban lighting decisions because they understand skyglow better than city planners.",,,VARC/reading-comprehension,0.5
VARC,VARC-RC1,2,mcsc,markdown,"For most of human history, the night sky was a shared inheritance: a band of stars visible to anyone who looked upward. That inheritance is quietly dissolving. The spread of electrified cities has scattered artificial light into the atmosphere, where dust and moisture scatter it further, producing a diffuse glow that astronomers call skyglow. Under this veil, the faint light of distant stars is simply drowned out. Surveys now suggest that a large share of people alive today have never seen the Milky Way from where they live, and that the brightness of the night sky over inhabited regions is rising by a few per cent each year.

The consequences reach well beyond stargazing. Many organisms time their behaviour by natural cycles of darkness. Migrating birds, which navigate partly by the stars, can be disoriented by illuminated buildings; insects exhaust themselves circling lamps; hatchling sea turtles, which instinctively crawl toward the brightest horizon, may turn inland toward roads instead of out to sea. In each case a cue that was reliable for millions of years has been overwritten by a human signal.

What makes light pollution unusual among environmental problems is how readily it can be reversed. Carbon dioxide lingers in the atmosphere for centuries; a poorly aimed streetlamp stops polluting the moment it is switched off or shielded. Lighting that points downward, that is no brighter than a task requires, and that is dimmed when no one is present can preserve both safety and darkness. The obstacle is not technical but a habit of mind that equates more light with more progress. Recovering the night sky, then, asks less for new invention than for a willingness to use, more thoughtfully, the light we already command.

**According to the passage, the author makes all of the following claims EXCEPT:**",,110,,,,2,,Skyglow is produced partly because dust and moisture in the atmosphere scatter artificial light.,Reducing light pollution requires expensive new lighting technologies that have not yet been invented.,Some animals rely on natural darkness or starlight as a behavioural cue that artificial light can disrupt.,The brightness of the night sky over inhabited regions has been increasing year by year.,,,VARC/reading-comprehension,0.5
VARC,VARC-RC1,3,mcsc,markdown,"For most of human history, the night sky was a shared inheritance: a band of stars visible to anyone who looked upward. That inheritance is quietly dissolving. The spread of electrified cities has scattered artificial light into the atmosphere, where dust and moisture scatter it further, producing a diffuse glow that astronomers call skyglow. Under this veil, the faint light of distant stars is simply drowned out. Surveys now suggest that a large share of people alive today have never seen the Milky Way from where they live, and that the brightness of the night sky over inhabited regions is rising by a few per cent each year.

The consequences reach well beyond stargazing. Many organisms time their behaviour by natural cycles of darkness. Migrating birds, which navigate partly by the stars, can be disoriented by illuminated buildings; insects exhaust themselves circling lamps; hatchling sea turtles, which instinctively crawl toward the brightest horizon, may turn inland toward roads instead of out to sea. In each case a cue that was reliable for millions of years has been overwritten by a human signal.

What makes light pollution unusual among environmental problems is how readily it can be reversed. Carbon dioxide lingers in the atmosphere for centuries; a poorly aimed streetlamp stops polluting the moment it is switched off or shielded. Lighting that points downward, that is no brighter than a task requires, and that is dimmed when no one is present can preserve both safety and darkness. The obstacle is not technical but a habit of mind that equates more light with more progress. Recovering the night sky, then, asks less for new invention than for a willingness to use, more thoughtfully, the light we already command.

**Why does the author contrast light pollution with carbon dioxide?**",,115,,,,4,,"To argue that carbon dioxide is, in the end, a far less serious threat to migrating wildlife than artificial light is.",To suggest that the two problems are caused by exactly the same kind of polluting industrial activity in modern cities.,To prove that most environmental problems generally cannot be solved at all without first achieving major scientific breakthroughs.,"To highlight that light pollution can be reversed almost at once, whereas carbon dioxide lingers for a very long time.",,,VARC/reading-comprehension,0.5
VARC,VARC-RC1,4,mcsc,markdown,"For most of human history, the night sky was a shared inheritance: a band of stars visible to anyone who looked upward. That inheritance is quietly dissolving. The spread of electrified cities has scattered artificial light into the atmosphere, where dust and moisture scatter it further, producing a diffuse glow that astronomers call skyglow. Under this veil, the faint light of distant stars is simply drowned out. Surveys now suggest that a large share of people alive today have never seen the Milky Way from where they live, and that the brightness of the night sky over inhabited regions is rising by a few per cent each year.

The consequences reach well beyond stargazing. Many organisms time their behaviour by natural cycles of darkness. Migrating birds, which navigate partly by the stars, can be disoriented by illuminated buildings; insects exhaust themselves circling lamps; hatchling sea turtles, which instinctively crawl toward the brightest horizon, may turn inland toward roads instead of out to sea. In each case a cue that was reliable for millions of years has been overwritten by a human signal.

What makes light pollution unusual among environmental problems is how readily it can be reversed. Carbon dioxide lingers in the atmosphere for centuries; a poorly aimed streetlamp stops polluting the moment it is switched off or shielded. Lighting that points downward, that is no brighter than a task requires, and that is dimmed when no one is present can preserve both safety and darkness. The obstacle is not technical but a habit of mind that equates more light with more progress. Recovering the night sky, then, asks less for new invention than for a willingness to use, more thoughtfully, the light we already command.

**It can be inferred that the author would most likely agree with which of the following statements?**",,125,,,,1,,A community could cut its light pollution without sacrificing safety by aiming lamps downward and dimming them when no one is around.,"The loss of the visible Milky Way is, regrettably, an entirely unavoidable cost of building any modern, fully electrified society.",Cities ought to abandon their street lighting almost entirely in order to recover the lost visibility of the dark and starry night sky.,Concern about the fading night sky is mainly a private preoccupation of professional astronomers rather than a truly broad public issue.,,,VARC/reading-comprehension,0.5
VARC,VARC-RC2,1,mcsc,markdown,"When a result in science is described as 'replicated,' it means that an independent team, following the same procedure, has obtained a similar finding. Replication is often called the gatekeeper of reliable knowledge, because a single study, however carefully done, can be misled by chance, by an unusual sample, or by an undetected flaw in its design. Only when a result reappears under different hands does the community gain confidence that it reflects something real rather than an accident of one laboratory.

In recent years, however, attempts to repeat well-known studies have frequently failed to reproduce the original effects. Several factors contribute. Researchers face strong incentives to publish striking, novel results, while careful repetitions of someone else's work attract little reward and are seldom published. Small samples can yield impressive-looking outcomes that vanish when the study is enlarged. And the freedom to analyse data in many ways allows a researcher, even unintentionally, to keep adjusting the analysis until a pattern emerges.

None of this means that science is broken. The very fact that the failures are being documented is itself a product of the scientific method turning its scrutiny on its own practices. Reforms are already spreading: some journals now invite researchers to register their hypotheses and planned analyses before collecting data, and commit to publishing the results whether or not they are striking. Others reserve space specifically for replication studies. What looks at first like a crisis of confidence may be better understood as a discipline learning, in public, to hold itself to its own standards.

**Which of the following best states the central argument of the passage?**",,120,,,,2,,Scientific journals are the primary cause of unreliable published findings and therefore should no longer be trusted at all by readers.,"Although many well-known studies have failed to replicate, this reflects science correcting itself rather than a breakdown of the method.","Small samples are, on their own, the single underlying reason that so many famous studies have proven difficult to reproduce reliably.",Replication is essentially impossible in actual practice because no two separate laboratories ever follow exactly the same detailed procedure.,,,VARC/reading-comprehension,0.5
VARC,VARC-RC2,2,mcsc,markdown,"When a result in science is described as 'replicated,' it means that an independent team, following the same procedure, has obtained a similar finding. Replication is often called the gatekeeper of reliable knowledge, because a single study, however carefully done, can be misled by chance, by an unusual sample, or by an undetected flaw in its design. Only when a result reappears under different hands does the community gain confidence that it reflects something real rather than an accident of one laboratory.

In recent years, however, attempts to repeat well-known studies have frequently failed to reproduce the original effects. Several factors contribute. Researchers face strong incentives to publish striking, novel results, while careful repetitions of someone else's work attract little reward and are seldom published. Small samples can yield impressive-looking outcomes that vanish when the study is enlarged. And the freedom to analyse data in many ways allows a researcher, even unintentionally, to keep adjusting the analysis until a pattern emerges.

None of this means that science is broken. The very fact that the failures are being documented is itself a product of the scientific method turning its scrutiny on its own practices. Reforms are already spreading: some journals now invite researchers to register their hypotheses and planned analyses before collecting data, and commit to publishing the results whether or not they are striking. Others reserve space specifically for replication studies. What looks at first like a crisis of confidence may be better understood as a discipline learning, in public, to hold itself to its own standards.

**The author identifies all of the following as factors contributing to replication failures EXCEPT:**",,110,,,,2,,The freedom to analyse data in many ways until a pattern happens to appear.,A deliberate effort by most researchers to fabricate data in order to deceive their peers.,Incentives that reward novel findings while offering little reward for repeating others' work.,Small samples that can produce striking results which disappear when the study is enlarged.,,,VARC/reading-comprehension,0.5
VARC,VARC-RC2,3,mcsc,markdown,"When a result in science is described as 'replicated,' it means that an independent team, following the same procedure, has obtained a similar finding. Replication is often called the gatekeeper of reliable knowledge, because a single study, however carefully done, can be misled by chance, by an unusual sample, or by an undetected flaw in its design. Only when a result reappears under different hands does the community gain confidence that it reflects something real rather than an accident of one laboratory.

In recent years, however, attempts to repeat well-known studies have frequently failed to reproduce the original effects. Several factors contribute. Researchers face strong incentives to publish striking, novel results, while careful repetitions of someone else's work attract little reward and are seldom published. Small samples can yield impressive-looking outcomes that vanish when the study is enlarged. And the freedom to analyse data in many ways allows a researcher, even unintentionally, to keep adjusting the analysis until a pattern emerges.

None of this means that science is broken. The very fact that the failures are being documented is itself a product of the scientific method turning its scrutiny on its own practices. Reforms are already spreading: some journals now invite researchers to register their hypotheses and planned analyses before collecting data, and commit to publishing the results whether or not they are striking. Others reserve space specifically for replication studies. What looks at first like a crisis of confidence may be better understood as a discipline learning, in public, to hold itself to its own standards.

**What is the main purpose of registering hypotheses and planned analyses before collecting data, as described in the passage?**",,120,,,,4,,To guarantee that each and every registered study will reliably end up producing some kind of novel and publishable finding.,"To replace careful replication studies entirely, so that any repetition of other people's earlier work is no longer needed at all.","To allow researchers to choose freely, after they have seen the data, which analysis presents their results most favourably.","To limit the freedom to adjust the analysis until a desired pattern appears, and to ensure results are reported either way.",,,VARC/reading-comprehension,0.5
VARC,VARC-RC2,4,mcsc,markdown,"When a result in science is described as 'replicated,' it means that an independent team, following the same procedure, has obtained a similar finding. Replication is often called the gatekeeper of reliable knowledge, because a single study, however carefully done, can be misled by chance, by an unusual sample, or by an undetected flaw in its design. Only when a result reappears under different hands does the community gain confidence that it reflects something real rather than an accident of one laboratory.

In recent years, however, attempts to repeat well-known studies have frequently failed to reproduce the original effects. Several factors contribute. Researchers face strong incentives to publish striking, novel results, while careful repetitions of someone else's work attract little reward and are seldom published. Small samples can yield impressive-looking outcomes that vanish when the study is enlarged. And the freedom to analyse data in many ways allows a researcher, even unintentionally, to keep adjusting the analysis until a pattern emerges.

None of this means that science is broken. The very fact that the failures are being documented is itself a product of the scientific method turning its scrutiny on its own practices. Reforms are already spreading: some journals now invite researchers to register their hypotheses and planned analyses before collecting data, and commit to publishing the results whether or not they are striking. Others reserve space specifically for replication studies. What looks at first like a crisis of confidence may be better understood as a discipline learning, in public, to hold itself to its own standards.

**It can be inferred from the passage that the author regards the documentation of replication failures as:**",,118,,,,4,,"definite proof that most published scientific results will, sooner or later, be shown to be entirely false.",an unfortunate and costly distraction that needlessly diverts attention away from producing genuinely novel discoveries.,a serious problem that can only ever be solved by abandoning the basic requirement of replication altogether.,evidence that science is applying its own critical methods to itself rather than a sign of fundamental decay.,,,VARC/reading-comprehension,0.5
VARC,VARC-RC3,1,mcsc,markdown,"A city map is never a perfect copy of the city it represents. If it were, it would have to be exactly as large and as complicated as the city itself, and so would be useless to a traveller. The value of a map lies precisely in what it leaves out. By dropping countless details and keeping only roads, rivers, and a few landmarks, a map becomes small enough to hold in the hand and clear enough to guide a journey.

The same principle applies to scientific models. A model of the weather, or of a population of animals, does not try to capture every raindrop or every individual creature. Instead it keeps the features that matter for the question being asked and ignores the rest. A model built to predict tomorrow's temperature can safely leave out the colour of people's umbrellas; a model of how a disease spreads can ignore the brand of car that infected people drive. Choosing what to leave out is not a weakness of a model but the very thing that makes it useful.

This has a practical lesson. When we judge a model, the right question is not 'Is it complete?' but 'Is it useful for its purpose?' A simple model that answers the question at hand may be far more valuable than an elaborate one that tries to include everything and so becomes impossible to understand. As one saying among scientists puts it, all models are wrong, but some are useful. Wisdom lies in matching the simplicity of the model to the job it must do.

**Which of the following best captures the main idea of the passage?**",,95,,,,3,,Scientific models should always try to include as much fine-grained detail as they possibly can in order to be truly accurate.,"Maps are, in the end, far more reliable guides to a city than scientific models can ever be to the natural world.","A good model, much like a good map, is valuable precisely because it leaves out details that do not matter for its purpose.",The colour of people's umbrellas and the brand of a car are in fact important variables in both weather and disease models.,,,VARC/reading-comprehension,0
VARC,VARC-RC3,2,mcsc,markdown,"A city map is never a perfect copy of the city it represents. If it were, it would have to be exactly as large and as complicated as the city itself, and so would be useless to a traveller. The value of a map lies precisely in what it leaves out. By dropping countless details and keeping only roads, rivers, and a few landmarks, a map becomes small enough to hold in the hand and clear enough to guide a journey.

The same principle applies to scientific models. A model of the weather, or of a population of animals, does not try to capture every raindrop or every individual creature. Instead it keeps the features that matter for the question being asked and ignores the rest. A model built to predict tomorrow's temperature can safely leave out the colour of people's umbrellas; a model of how a disease spreads can ignore the brand of car that infected people drive. Choosing what to leave out is not a weakness of a model but the very thing that makes it useful.

This has a practical lesson. When we judge a model, the right question is not 'Is it complete?' but 'Is it useful for its purpose?' A simple model that answers the question at hand may be far more valuable than an elaborate one that tries to include everything and so becomes impossible to understand. As one saying among scientists puts it, all models are wrong, but some are useful. Wisdom lies in matching the simplicity of the model to the job it must do.

**Why does the author say that a perfectly complete map would be useless?**",,92,,,,2,,Because maps are always rather less accurate than the kind of scientific models that are discussed later on in the passage.,"Because it would have to be as large and as complicated as the city itself, and so could not guide a traveller.",Because real cities change far too quickly for any printed map of them to remain fully correct for very long.,"Because no ordinary traveller is ever genuinely interested in the roads, the rivers, or the landmarks of a city.",,,VARC/reading-comprehension,0
VARC,VARC-RC3,3,mcsc,markdown,"A city map is never a perfect copy of the city it represents. If it were, it would have to be exactly as large and as complicated as the city itself, and so would be useless to a traveller. The value of a map lies precisely in what it leaves out. By dropping countless details and keeping only roads, rivers, and a few landmarks, a map becomes small enough to hold in the hand and clear enough to guide a journey.

The same principle applies to scientific models. A model of the weather, or of a population of animals, does not try to capture every raindrop or every individual creature. Instead it keeps the features that matter for the question being asked and ignores the rest. A model built to predict tomorrow's temperature can safely leave out the colour of people's umbrellas; a model of how a disease spreads can ignore the brand of car that infected people drive. Choosing what to leave out is not a weakness of a model but the very thing that makes it useful.

This has a practical lesson. When we judge a model, the right question is not 'Is it complete?' but 'Is it useful for its purpose?' A simple model that answers the question at hand may be far more valuable than an elaborate one that tries to include everything and so becomes impossible to understand. As one saying among scientists puts it, all models are wrong, but some are useful. Wisdom lies in matching the simplicity of the model to the job it must do.

**It can be inferred that the author would most likely judge a scientific model by asking:**",,105,,,,1,,"whether it serves its intended purpose well, even if it leaves out many features of the real situation.",whether it manages to include every single variable that could conceivably affect the final outcome in any way.,whether it is noticeably more detailed and elaborate than any competing model that addresses the same question.,whether it perfectly reproduces the whole of reality without leaving out or omitting anything at all whatsoever.,,,VARC/reading-comprehension,0.5
VARC,VARC-RC3,4,mcsc,markdown,"A city map is never a perfect copy of the city it represents. If it were, it would have to be exactly as large and as complicated as the city itself, and so would be useless to a traveller. The value of a map lies precisely in what it leaves out. By dropping countless details and keeping only roads, rivers, and a few landmarks, a map becomes small enough to hold in the hand and clear enough to guide a journey.

The same principle applies to scientific models. A model of the weather, or of a population of animals, does not try to capture every raindrop or every individual creature. Instead it keeps the features that matter for the question being asked and ignores the rest. A model built to predict tomorrow's temperature can safely leave out the colour of people's umbrellas; a model of how a disease spreads can ignore the brand of car that infected people drive. Choosing what to leave out is not a weakness of a model but the very thing that makes it useful.

This has a practical lesson. When we judge a model, the right question is not 'Is it complete?' but 'Is it useful for its purpose?' A simple model that answers the question at hand may be far more valuable than an elaborate one that tries to include everything and so becomes impossible to understand. As one saying among scientists puts it, all models are wrong, but some are useful. Wisdom lies in matching the simplicity of the model to the job it must do.

**What is the main function of the saying 'all models are wrong, but some are useful' in the passage?**",,108,,,,4,,To warn readers firmly that scientific models really should not be trusted when making any practical decision.,To introduce a fresh objection that the author then goes on to refute carefully and in some detail.,"To claim that maps, quite unlike scientific models, are essentially never wrong about the cities they represent.",To reinforce the author's point that a model need not be complete in order to be valuable for its purpose.,,,VARC/reading-comprehension,0.5
VARC,VARC-ODD-1,1,mcsc,markdown,"Four of the following five sentences, when arranged properly, form a coherent paragraph on a single theme; one sentence does not belong.

(1) Coral reefs occupy less than one percent of the ocean floor, yet they shelter roughly a quarter of all marine species.
(2) The dense limestone structures act as nurseries where countless fish spawn and mature.
(3) They also buffer nearby coastlines by absorbing much of the energy carried by incoming waves.
(4) Many tropical resorts now offer guided diving tours that bring tourists close to these formations.
(5) Because of this ecological richness, the loss of a single reef can ripple through an entire marine food web.

**Which sentence is the odd one out?**",,130,,,,3,,3,5,4,1,2,,VARC/odd-one-out,0.5
VARC,VARC-ODD-2,1,mcsc,markdown,"Four of the following five sentences, when arranged properly, form a coherent paragraph on a single theme; one sentence does not belong.

(1) The printing press, introduced in fifteenth-century Europe, dramatically lowered the cost of reproducing texts.
(2) Books that had once taken months to copy by hand could now be produced in days.
(3) As prices fell, reading spread beyond monasteries and universities to ordinary townspeople.
(4) This wider circulation of ideas helped fuel movements in science and religion.
(5) Modern libraries increasingly lend electronic books that readers download to personal devices.

**Which sentence is the odd one out?**",,135,,,,1,,5,1,2,3,4,,VARC/odd-one-out,0.5
VARC,VARC-ODD-3,1,mcsc,markdown,"Four of the following five sentences, when arranged properly, form a coherent paragraph on a single theme; one sentence does not belong.

(1) Honeybees communicate the location of food through a movement known as the waggle dance.
(2) Beekeepers harvest surplus honey by carefully removing frames from the hive.
(3) A returning forager runs in a figure-eight pattern on the vertical comb.
(4) The angle of the run relative to gravity encodes the direction of the food source.
(5) The duration of the waggle phase signals how far away the food lies.

**Which sentence is the odd one out?**",,132,,,,2,,5,2,1,4,3,,VARC/odd-one-out,0.5
VARC,VARC-JUMBLE-1,1,mcsc,markdown,"The following four sentences, labelled 1 to 4, can be arranged to form a coherent paragraph.

1. The result was a network of stone roads stretching across the whole empire.
2. Ancient Rome needed a fast way to move its armies between distant provinces.
3. To meet this need, engineers laid down durable paved routes wherever the legions marched.
4. Centuries later, many of these same roads still guide the paths of modern highways.

**Select the correct sequence of sentences.**",,140,,,,3,,2341,3214,2314,2134,,,VARC/para-jumble,0.5
VARC,VARC-JUMBLE-2,1,mcsc,markdown,"The following four sentences, labelled 1 to 4, can be arranged to form a coherent paragraph.

1. Over time, this trapped heat raises the planet's average surface temperature.
2. Certain gases in the atmosphere allow sunlight to pass through but absorb the heat that the ground radiates back.
3. This natural process is what scientists call the greenhouse effect.
4. When the concentration of these gases rises, more heat is retained than before.

**Select the correct sequence of sentences.**",,145,,,,3,,2341,3241,2314,2431,,,VARC/para-jumble,0.5
VARC,VARC-JUMBLE-3,1,mcsc,markdown,"The following four sentences, labelled 1 to 4, can be arranged to form a coherent paragraph.

1. She began by sketching rough thumbnails to test different compositions.
2. Maria had been asked to design the cover for the school magazine.
3. Once a layout felt right, she refined it into a detailed digital drawing.
4. Finally, she added colour and sent the finished file to the printer.

**Select the correct sequence of sentences.**",,130,,,,3,,1234,2143,2134,2314,,,VARC/para-jumble,0.5
VARC,VARC-JUMBLE-4,1,mcsc,markdown,"The following four sentences, labelled 1 to 4, can be arranged to form a coherent paragraph.

1. At first the seedlings were too fragile to survive outdoors.
2. The gardeners started the tomato plants indoors during early spring.
3. So they kept the young plants under warm lamps for several weeks.
4. Only when the stems had thickened did the gardeners move them into the open beds.

**Select the correct sequence of sentences.**",,133,,,,3,,2314,1234,2134,2143,,,VARC/para-jumble,0.5
VARC,VARC-SUMMARY-1,1,mcsc,markdown,"Public libraries today do far more than lend books. Many now offer free internet access, run job-search workshops, host story hours for children, and lend tools or musical instruments. For people without these resources at home, the library has become a community centre as much as a place to read.

**Which of the following best summarises the paragraph?**",,115,,,,1,,Modern public libraries have grown into broad community centres that now offer many services going well beyond simply lending out books.,Public libraries today mainly function as places that lend out musical instruments and household tools to the local residents who ask.,Libraries have lost all interest in books and now devote themselves entirely to providing free internet access to their local visitors.,The single most valuable thing libraries do now is to host the enjoyable weekly story hours for the young children of the community.,,,VARC/summary,0
VARC,VARC-SUMMARY-2,1,mcsc,markdown,"Sleep researchers have found that pulling an all-nighter before an exam usually backfires. While extra waking hours seem to allow more study, the tired brain struggles to store new information, and fatigue slows recall the next day. Students who sleep a full night generally remember more, even though they spent fewer hours reviewing.

**Which of the following best summarises the paragraph?**",,125,,,,2,,Students who choose to stay awake all night before an exam manage to study far more material and so tend to recall it better.,"Sacrificing sleep to study longer tends to weaken memory and recall, so a full night of proper rest usually serves students better.",How much a student sleeps has no measurable effect at all on how well that student later performs on a difficult written examination.,Sleep researchers now firmly advise students that they should never review any of their own notes during the evening before an exam.,,,VARC/summary,0.5
VARC,VARC-SUMMARY-3,1,mcsc,markdown,"Electric cars produce no exhaust as they drive, which clearly improves air quality in cities. Yet whether they are truly cleaner depends on how their electricity is generated. Where power comes mostly from coal, the overall emissions can rival those of petrol cars; where it comes from renewables, the advantage is large.

**Which of the following best summarises the paragraph?**",,130,,,,4,,Coal-fired power stations still remain the main source of almost all of the electricity that is used to charge most electric cars today.,"Electric cars are always far cleaner than ordinary petrol cars in every situation, no matter how their electrical power happens to be generated.",Electric cars release no pollution at all from their tailpipes while they are being driven along busy city streets and the open roads beyond.,"Electric cars cut local pollution, but their full environmental benefit ultimately depends on how the electricity charging them is produced.",,,VARC/summary,0.5
VARC,VARC-SUMMARY-4,1,mcsc,markdown,"Volunteering is often described as pure generosity, but studies suggest the giver gains too. People who regularly help others report lower stress, a stronger sense of purpose, and wider social networks. In this sense, the act of giving time quietly returns a benefit to the volunteer.

**Which of the following best summarises the paragraph?**",,128,,,,1,,"Although volunteering clearly helps other people in many ways, research indicates that it also brings the volunteer real personal benefits.",Volunteering is best understood as a wholly selfless act of giving that quietly returns no benefit of any real kind to the person doing it.,People generally choose to volunteer mainly because doing so lets them expand and strengthen their own valuable personal social networks.,Regular volunteers consistently report that they now feel considerably less stressed and rather more relaxed than they did before they began.,,,VARC/summary,0.5
VARC,VARC-SUMMARY-5,1,mcsc,markdown,"When a new word enters a language, it rarely arrives by official decree. Instead, speakers begin using it, others copy them, and dictionaries record the word only after it has already taken hold. Language, in other words, is shaped from the bottom up by ordinary use rather than handed down by authorities.

**Which of the following best summarises the paragraph?**",,132,,,,3,,Dictionaries hold the real authority here and are the bodies responsible for officially deciding which new words a language may properly adopt.,Most new words manage to enter a language only after some official government body has formally reviewed and then finally approved each one.,"New words spread through everyday use among ordinary speakers, and dictionaries follow rather than simply lead this gradual change over time.",Speakers occasionally invent striking new words that many other people across the wider language community then choose to copy and reuse.,,,VARC/summary,0.5
DILR,DILR-1,1,mcsc,markdown,"Four teams, Alfa, Bravo, Comet and Delta, play a single round-robin tournament: every team plays every other team exactly once (6 matches in all). A win is worth 3 points, a tie is worth 1 point to each team, and a loss is worth 0 points. The following facts are known about the completed tournament:

- Alfa won every match it played.
- Delta lost every match it played.
- Exactly one match in the whole tournament ended in a tie.
- That single tie was the match between Bravo and Comet.

**How many points did Comet earn in the tournament?**",,210,,,,1,,4 points,7 points,3 points,6 points,,,DILR/logic-tournament,0.5
DILR,DILR-1,2,mcsc,markdown,"Four teams, Alfa, Bravo, Comet and Delta, play a single round-robin tournament: every team plays every other team exactly once (6 matches in all). A win is worth 3 points, a tie is worth 1 point to each team, and a loss is worth 0 points. The following facts are known about the completed tournament:

- Alfa won every match it played.
- Delta lost every match it played.
- Exactly one match in the whole tournament ended in a tie.
- That single tie was the match between Bravo and Comet.

**How many of the 6 matches ended with a winner (that is, did NOT end in a tie)?**",,160,,,,3,,6 matches,4 matches,5 matches,3 matches,,,DILR/logic-tournament,0.5
DILR,DILR-1,3,mcsc,markdown,"Four teams, Alfa, Bravo, Comet and Delta, play a single round-robin tournament: every team plays every other team exactly once (6 matches in all). A win is worth 3 points, a tie is worth 1 point to each team, and a loss is worth 0 points. The following facts are known about the completed tournament:

- Alfa won every match it played.
- Delta lost every match it played.
- Exactly one match in the whole tournament ended in a tie.
- That single tie was the match between Bravo and Comet.

**Which statement about the final points table is correct?**",,230,,,,2,,"Comet finished ahead of Bravo on points, with Alfa on top.","Bravo and Comet finished level on points, behind Alfa and ahead of Delta.","Delta finished level on points with Bravo, behind Alfa and Comet.","Alfa and Bravo finished level on points at the top, ahead of Comet and Delta.",,,DILR/logic-tournament,0.5
DILR,DILR-2,1,mcsc,markdown,"Three friends, Mira, Nina and Owen, each take the same short quiz of 5 questions. Every correct answer is worth 3 points; a wrong or blank answer scores 0 points. So each person's score equals 3 times the number of questions they answered correctly. The following facts are known:

- Between them, the three friends answered exactly 9 questions correctly.
- Mira answered more questions correctly than Nina, and Nina answered more correctly than Owen.
- Owen answered exactly 2 questions correctly.
- No one answered all 5 questions correctly.

**How many points did Mira score?**",,230,,,,3,,9 points,6 points,12 points,15 points,,,DILR/logic-quiz-scores,0.5
DILR,DILR-2,2,mcsc,markdown,"Three friends, Mira, Nina and Owen, each take the same short quiz of 5 questions. Every correct answer is worth 3 points; a wrong or blank answer scores 0 points. So each person's score equals 3 times the number of questions they answered correctly. The following facts are known:

- Between them, the three friends answered exactly 9 questions correctly.
- Mira answered more questions correctly than Nina, and Nina answered more correctly than Owen.
- Owen answered exactly 2 questions correctly.
- No one answered all 5 questions correctly.

**How many questions did Nina answer correctly?**",,210,,,,2,,4 questions,3 questions,2 questions,5 questions,,,DILR/logic-quiz-scores,0.5
DILR,DILR-2,3,mcsc,markdown,"Three friends, Mira, Nina and Owen, each take the same short quiz of 5 questions. Every correct answer is worth 3 points; a wrong or blank answer scores 0 points. So each person's score equals 3 times the number of questions they answered correctly. The following facts are known:

- Between them, the three friends answered exactly 9 questions correctly.
- Mira answered more questions correctly than Nina, and Nina answered more correctly than Owen.
- Owen answered exactly 2 questions correctly.
- No one answered all 5 questions correctly.

**What was the combined total score of all three friends?**",,180,,,,1,,27 points,30 points,9 points,18 points,,,DILR/logic-quiz-scores,0.5
DILR,DILR-3,1,mcsc,markdown,"Units sold during the month (number of packets)
| Product | Aria | Bani | Cera | Dovi |
|---|--:|--:|--:|--:|
| Tea | 120 | 200 | 150 | 180 |
| Coffee | 80 | 150 | 200 | 120 |
| Cocoa | 60 | 100 | 50 | 90 |

Selling price per packet (in rupees)
| Product | Price |
|---|--:|
| Tea | 20 |
| Coffee | 30 |
| Cocoa | 40 |

**How many packets in total did store Bani sell across all three products during the month?**",,170,,,,3,,350,400,450,260,,,DILR/di-table,0.5
DILR,DILR-3,2,mcsc,markdown,"Units sold during the month (number of packets)
| Product | Aria | Bani | Cera | Dovi |
|---|--:|--:|--:|--:|
| Tea | 120 | 200 | 150 | 180 |
| Coffee | 80 | 150 | 200 | 120 |
| Cocoa | 60 | 100 | 50 | 90 |

Selling price per packet (in rupees)
| Product | Price |
|---|--:|
| Tea | 20 |
| Coffee | 30 |
| Cocoa | 40 |

**What was the total sales revenue (in rupees) earned by store Cera from all three products?**",,230,,,,2,,12500,11000,10800,7200,,,DILR/di-table,0.5
DILR,DILR-3,3,mcsc,markdown,"Units sold during the month (number of packets)
| Product | Aria | Bani | Cera | Dovi |
|---|--:|--:|--:|--:|
| Tea | 120 | 200 | 150 | 180 |
| Coffee | 80 | 150 | 200 | 120 |
| Cocoa | 60 | 100 | 50 | 90 |

Selling price per packet (in rupees)
| Product | Price |
|---|--:|
| Tea | 20 |
| Coffee | 30 |
| Cocoa | 40 |

**What was the combined revenue (in rupees) from Tea across all four stores?**",,200,,,,4,,650,16500,11000,13000,,,DILR/di-table,0.5
DILR,DILR-3,4,mcsc,markdown,"Units sold during the month (number of packets)
| Product | Aria | Bani | Cera | Dovi |
|---|--:|--:|--:|--:|
| Tea | 120 | 200 | 150 | 180 |
| Coffee | 80 | 150 | 200 | 120 |
| Cocoa | 60 | 100 | 50 | 90 |

Selling price per packet (in rupees)
| Product | Price |
|---|--:|
| Tea | 20 |
| Coffee | 30 |
| Cocoa | 40 |

**In how many of the four stores did the total number of packets sold (all products combined) exceed 350?**",,220,,,,2,,4,3,1,2,,,DILR/di-table,0.5
DILR,DILR-4,1,mcsc,markdown,"Three investors, Priya, Rohan and Sara, each put a whole number of lakhs of rupees into a separate fund at the start of the year. The following facts are known:

- Together the three invested a total of 24 lakh.
- Rohan invested exactly twice as much as Priya.
- Sara invested 4 lakh more than Priya.

Over the year the funds gave these returns on the amount invested: Priya's fund returned 20%, Rohan's fund returned 10%, and Sara's fund returned 30%.

**How much did Rohan invest?**",,180,,,,2,,5 lakh,10 lakh,9 lakh,12 lakh,,,DILR/logic-investment,0.5
DILR,DILR-4,2,mcsc,markdown,"Three investors, Priya, Rohan and Sara, each put a whole number of lakhs of rupees into a separate fund at the start of the year. The following facts are known:

- Together the three invested a total of 24 lakh.
- Rohan invested exactly twice as much as Priya.
- Sara invested 4 lakh more than Priya.

Over the year the funds gave these returns on the amount invested: Priya's fund returned 20%, Rohan's fund returned 10%, and Sara's fund returned 30%.

**What was the combined amount invested by Priya and Sara together?**",,190,,,,4,,19 lakh,10 lakh,15 lakh,14 lakh,,,DILR/logic-investment,0.5
DILR,DILR-4,3,mcsc,markdown,"Three investors, Priya, Rohan and Sara, each put a whole number of lakhs of rupees into a separate fund at the start of the year. The following facts are known:

- Together the three invested a total of 24 lakh.
- Rohan invested exactly twice as much as Priya.
- Sara invested 4 lakh more than Priya.

Over the year the funds gave these returns on the amount invested: Priya's fund returned 20%, Rohan's fund returned 10%, and Sara's fund returned 30%.

**After the year's returns are added to the amounts invested, which investor ends with the largest total amount of money?**",,280,,,,2,,"Rohan and Sara end level, each with 11 lakh","Sara, with 11.7 lakh","Rohan, with 11 lakh","Priya, with 6 lakh",,,DILR/logic-investment,1
DILR,DILR-5,1,mcsc,markdown,"Units produced by a factory in each quarter
| Product | Q1 | Q2 | Q3 |
|---|--:|--:|--:|
| Steel | 400 | 500 | 600 |
| Cement | 300 | 300 | 450 |
| Glass | 200 | 250 | 200 |
| Wood | 100 | 150 | 250 |

Production cost per unit (in rupees)
| Product | Rate |
|---|--:|
| Steel | 50 |
| Cement | 40 |
| Glass | 60 |
| Wood | 30 |

**What was the total number of Steel units produced across the three quarters?**",,160,,,,1,,1500,1050,1100,1300,,,DILR/di-table,0.5
DILR,DILR-5,2,mcsc,markdown,"Units produced by a factory in each quarter
| Product | Q1 | Q2 | Q3 |
|---|--:|--:|--:|
| Steel | 400 | 500 | 600 |
| Cement | 300 | 300 | 450 |
| Glass | 200 | 250 | 200 |
| Wood | 100 | 150 | 250 |

Production cost per unit (in rupees)
| Product | Rate |
|---|--:|
| Steel | 50 |
| Cement | 40 |
| Glass | 60 |
| Wood | 30 |

**By what percentage did Steel production increase from Q1 to Q3?**",,200,,,,4,,20,200,33,50,,,DILR/di-table,0.5
DILR,DILR-5,3,mcsc,markdown,"Units produced by a factory in each quarter
| Product | Q1 | Q2 | Q3 |
|---|--:|--:|--:|
| Steel | 400 | 500 | 600 |
| Cement | 300 | 300 | 450 |
| Glass | 200 | 250 | 200 |
| Wood | 100 | 150 | 250 |

Production cost per unit (in rupees)
| Product | Rate |
|---|--:|
| Steel | 50 |
| Cement | 40 |
| Glass | 60 |
| Wood | 30 |

**What was the average quarterly production of Cement over the three quarters?**",,190,,,,3,,300,1050,350,375,,,DILR/di-table,0.5
DILR,DILR-5,4,mcsc,markdown,"Units produced by a factory in each quarter
| Product | Q1 | Q2 | Q3 |
|---|--:|--:|--:|
| Steel | 400 | 500 | 600 |
| Cement | 300 | 300 | 450 |
| Glass | 200 | 250 | 200 |
| Wood | 100 | 150 | 250 |

Production cost per unit (in rupees)
| Product | Rate |
|---|--:|
| Steel | 50 |
| Cement | 40 |
| Glass | 60 |
| Wood | 30 |

**What is the largest single value of units produced by any one product in any one quarter?**",,160,,,,4,,500,450,250,600,,,DILR/di-table,0.5
DILR,DILR-5,5,mcsc,markdown,"Units produced by a factory in each quarter
| Product | Q1 | Q2 | Q3 |
|---|--:|--:|--:|
| Steel | 400 | 500 | 600 |
| Cement | 300 | 300 | 450 |
| Glass | 200 | 250 | 200 |
| Wood | 100 | 150 | 250 |

Production cost per unit (in rupees)
| Product | Rate |
|---|--:|
| Steel | 50 |
| Cement | 40 |
| Glass | 60 |
| Wood | 30 |

**What was the total production cost (in rupees) of all four products in Q1?**",,250,,,,1,,47000,44000,1000,50000,,,DILR/di-table,0.5
QA,QA-MCQ-1,1,mcsc,text,A shopkeeper buys an article for 80 euros and sells it for 100 euros. What is the profit percentage?,,60,,,,4,,20%,80%,125%,25%,,,QA/quant,0
QA,QA-MCQ-2,1,mcsc,text,"The ratio of boys to girls in a class is 3 : 5. If there are 20 girls, how many boys are there?",,60,,,,4,,33 boys,15 boys,8 boys,12 boys,,,QA/quant,0
QA,QA-MCQ-3,1,mcsc,text,"What is the average of the five numbers 4, 8, 10, 12 and 16?",,65,,,,1,,10,50,12,8,,,QA/quant,0
QA,QA-MCQ-4,1,mcsc,text,A circle has radius 7 cm. What is its area? (use pi = 22/7),,70,,,,2,,44 cm^2,154 cm^2,616 cm^2,49 cm^2,,,QA/quant,0
QA,QA-MCQ-5,1,mcsc,text,Solve for x: 3x + 7 = 22.,,55,,,,3,,29/3,9,5,15,,,QA/quant,0
QA,QA-MCQ-6,1,mcsc,text,A car travels 150 km in 3 hours. What is its average speed?,,55,,,,1,,50 km/h,450 km/h,75 km/h,2 km/h,,,QA/quant,0
QA,QA-MCQ-7,1,mcsc,text,"An article marked at 500 euros is sold after a 20% discount, and the seller still makes a 25% profit on cost. What was the cost price?",,150,,,,3,,400 euros,333 euros,320 euros,300 euros,,,QA/quant,0.5
QA,QA-MCQ-8,1,mcsc,text,A sum of 8000 euros is invested at 10% per annum compound interest. What is the amount after 2 years?,,160,,,,4,,1680 euros,9700 euros,9600 euros,9680 euros,,,QA/quant,0.5
QA,QA-MCQ-9,1,mcsc,text,"Pipe A fills a tank in 12 hours and pipe B fills it in 6 hours. If both pipes are opened together, how long do they take to fill the tank?",,140,,,,1,,4 hours,9 hours,18 hours,3 hours,,,QA/quant,0.5
QA,QA-MCQ-10,1,mcsc,text,When a positive integer n is divided by 7 the remainder is 4. What is the remainder when 3n is divided by 7?,,155,,,,4,,4,12,2,5,,,QA/quant,0.5
QA,QA-MCQ-11,1,mcsc,text,"The HCF of two numbers is 6 and their LCM is 180. If one number is 36, what is the other number?",,150,,,,1,,30,180,1080,5,,,QA/quant,0.5
QA,QA-MCQ-12,1,mcsc,text,A bag contains 4 red and 6 blue balls. Two balls are drawn at random without replacement. What is the probability that both are red?,,165,,,,1,,2/15,4/25,1/5,2/9,,,QA/quant,0.5
QA,QA-MCQ-13,1,mcsc,text,How many distinct arrangements can be made using all the letters of the word LEVEL?,,145,,,,2,,120,30,60,20,,,QA/quant,0.5
QA,QA-MCQ-14,1,mcsc,text,"In a group of 50 people, 30 like tea and 25 like coffee. If 10 like neither, how many like both tea and coffee?",,150,,,,2,,5,15,55,40,,,QA/quant,0.5
QA,QA-MCQ-15,1,mcsc,text,The third term of an arithmetic progression is 11 and the seventh term is 27. What is the first term?,,160,,,,4,,5,4,7,3,,,QA/quant,0.5
QA,QA-MCQ-16,1,mcsc,text,"Two trains start at the same time from stations A and B, 330 km apart, moving towards each other at 60 km/h and 50 km/h. How far from A do they meet?",,230,,,,1,,180 km,150 km,165 km,110 km,,,QA/quant,1
QA,QA-MCQ-17,1,mcsc,text,"Vessel A holds 40 litres of a mixture with milk and water in the ratio 3 : 1, and vessel B holds 20 litres in the ratio 1 : 1. If both are poured into one vessel, what is the ratio of milk to water in the new mixture?",,250,,,,1,,2 : 1,4 : 3,5 : 3,3 : 2,,,QA/quant,1
QA,QA-MCQ-18,1,mcsc,text,A rectangular garden is 40 m long and 30 m wide. A path of uniform width 2 m runs all around it on the inside. What is the area of the path?,,240,,,,3,,280 m^2,144 m^2,264 m^2,536 m^2,,,QA/quant,1
QA,QA-TITA-1,1,tita,text,Evaluate the expression (2^5 × 2^3) ÷ 2^4. Type your answer as an integer.,16,75,,,,,,,,,,,,QA/quant,0
QA,QA-TITA-2,1,tita,text,"An item is priced at 80 euros. Its price is first increased by 25%, then the new price is decreased by 20%. What is the final price, in euros? Type your answer as an integer.",80,85,,,,,,,,,,,,QA/quant,0
QA,QA-TITA-3,1,tita,text,"Using the digits 1, 2, 3, 4 and 5 without repetition, how many three-digit numbers divisible by 5 can be formed? Type your answer as an integer.",12,140,,,,,,,,,,,,QA/quant,0.5
QA,QA-TITA-4,1,tita,text,"In a class, 30 students study French and 25 study German. Exactly 10 students study both languages. How many students study exactly one of the two languages? Type your answer as an integer.",35,120,,,,,,,,,,,,QA/quant,0.5
QA,QA-TITA-5,1,tita,text,In an arithmetic progression the first term is 7 and the common difference is 5. What is the value of the 12th term? Type your answer as an integer.,62,115,,,,,,,,,,,,QA/quant,0.5
QA,QA-TITA-6,1,tita,text,"A vessel contains 64 litres of pure wine. 16 litres are drawn out and replaced with water; this operation (drawing 16 litres of the mixture and replacing it with water) is performed two more times, for a total of three times. How many litres of pure wine remain in the vessel? Type your answer as an integer.",27,250,,,,,,,,,,,,QA/quant,1
VARC,VARC-RC1,1,mcsc,markdown,"**Read the following passage carefully and answer the question that follows.**

Before the middle of the nineteenth century, most towns kept their own local time, setting clocks by the moment the sun stood highest overhead. A traveller moving west by carriage might find each new town a few minutes behind the last, and nobody minded, because journeys were slow enough that small differences never mattered. Railways changed that arithmetic. A train that left one city at noon and reached another whose clocks also read noon had, on paper, taken no time at all. Timetables became puzzles, and collisions on single-track lines were a real danger when two crews disagreed about when a siding had to be cleared.

The response was not a government decree but a private one. Railway companies began publishing schedules based on a single reference clock, usually the time kept at their largest terminus, and asked stations along the line to follow it. Towns that resisted found themselves consulting two clocks: one on the church tower for daily life and one at the station for departures. In practice the station clock won, because it governed the arrival of mail, freight and visitors.

Only later did legislatures ratify what commerce had already settled, dividing territories into broad zones within which every clock agreed. The reform is often described as a triumph of science, and astronomers did supply the measurements, but the pressure came from the ledger rather than the observatory. What made local time intolerable was not that it was inaccurate; by the standard of the sun it was perfectly accurate. It was that accuracy of that kind could not be shared. A network needs its members to agree on a convention, and the value of the convention lies almost entirely in the agreement, not in the truth of the thing agreed. That is why the change, once begun, spread quickly: each town that joined made joining more attractive for the rest.

**Which of the following best captures the central point of the passage?**",,120,,,,2,,Uniform clock time spread because travellers grew tired of resetting their watches in every town they entered.,"Uniform clock time spread because networks needed a shared convention, not because local time was wrong.",Uniform clock time spread because governments saw that public safety required identical clocks everywhere.,Uniform clock time spread because astronomers at last produced measurements accurate enough to trust.,,,VARC/reading-comprehension,0.5
VARC,VARC-RC1,2,mcsc,markdown,"**Read the following passage carefully and answer the question that follows.**

Before the middle of the nineteenth century, most towns kept their own local time, setting clocks by the moment the sun stood highest overhead. A traveller moving west by carriage might find each new town a few minutes behind the last, and nobody minded, because journeys were slow enough that small differences never mattered. Railways changed that arithmetic. A train that left one city at noon and reached another whose clocks also read noon had, on paper, taken no time at all. Timetables became puzzles, and collisions on single-track lines were a real danger when two crews disagreed about when a siding had to be cleared.

The response was not a government decree but a private one. Railway companies began publishing schedules based on a single reference clock, usually the time kept at their largest terminus, and asked stations along the line to follow it. Towns that resisted found themselves consulting two clocks: one on the church tower for daily life and one at the station for departures. In practice the station clock won, because it governed the arrival of mail, freight and visitors.

Only later did legislatures ratify what commerce had already settled, dividing territories into broad zones within which every clock agreed. The reform is often described as a triumph of science, and astronomers did supply the measurements, but the pressure came from the ledger rather than the observatory. What made local time intolerable was not that it was inaccurate; by the standard of the sun it was perfectly accurate. It was that accuracy of that kind could not be shared. A network needs its members to agree on a convention, and the value of the convention lies almost entirely in the agreement, not in the truth of the thing agreed. That is why the change, once begun, spread quickly: each town that joined made joining more attractive for the rest.

**The passage attributes all of the following to the arrival of railways EXCEPT:**",,110,,,,3,,confusion in drawing up timetables that different lines could actually work with,danger of accidents when two crews disagreed about when a track would be clear,a legal rule obliging church towers to show the same hour as the station clock,schedules published from a single reference clock kept at a large terminus,,,VARC/reading-comprehension,0.5
VARC,VARC-RC1,3,mcsc,markdown,"**Read the following passage carefully and answer the question that follows.**

Before the middle of the nineteenth century, most towns kept their own local time, setting clocks by the moment the sun stood highest overhead. A traveller moving west by carriage might find each new town a few minutes behind the last, and nobody minded, because journeys were slow enough that small differences never mattered. Railways changed that arithmetic. A train that left one city at noon and reached another whose clocks also read noon had, on paper, taken no time at all. Timetables became puzzles, and collisions on single-track lines were a real danger when two crews disagreed about when a siding had to be cleared.

The response was not a government decree but a private one. Railway companies began publishing schedules based on a single reference clock, usually the time kept at their largest terminus, and asked stations along the line to follow it. Towns that resisted found themselves consulting two clocks: one on the church tower for daily life and one at the station for departures. In practice the station clock won, because it governed the arrival of mail, freight and visitors.

Only later did legislatures ratify what commerce had already settled, dividing territories into broad zones within which every clock agreed. The reform is often described as a triumph of science, and astronomers did supply the measurements, but the pressure came from the ledger rather than the observatory. What made local time intolerable was not that it was inaccurate; by the standard of the sun it was perfectly accurate. It was that accuracy of that kind could not be shared. A network needs its members to agree on a convention, and the value of the convention lies almost entirely in the agreement, not in the truth of the thing agreed. That is why the change, once begun, spread quickly: each town that joined made joining more attractive for the rest.

**It can be inferred from the passage that a town's church clock lost its authority mainly because:**",,120,,,,4,,astronomers had declared solar time an unscientific way of setting clocks,residents faced penalties for keeping time that differed from the railway's,the church clock was found to be measurably slower than the railway's own clock,"the station clock decided when mail, goods and visitors would actually arrive",,,VARC/reading-comprehension,0.5
VARC,VARC-RC1,4,mcsc,markdown,"**Read the following passage carefully and answer the question that follows.**

Before the middle of the nineteenth century, most towns kept their own local time, setting clocks by the moment the sun stood highest overhead. A traveller moving west by carriage might find each new town a few minutes behind the last, and nobody minded, because journeys were slow enough that small differences never mattered. Railways changed that arithmetic. A train that left one city at noon and reached another whose clocks also read noon had, on paper, taken no time at all. Timetables became puzzles, and collisions on single-track lines were a real danger when two crews disagreed about when a siding had to be cleared.

The response was not a government decree but a private one. Railway companies began publishing schedules based on a single reference clock, usually the time kept at their largest terminus, and asked stations along the line to follow it. Towns that resisted found themselves consulting two clocks: one on the church tower for daily life and one at the station for departures. In practice the station clock won, because it governed the arrival of mail, freight and visitors.

Only later did legislatures ratify what commerce had already settled, dividing territories into broad zones within which every clock agreed. The reform is often described as a triumph of science, and astronomers did supply the measurements, but the pressure came from the ledger rather than the observatory. What made local time intolerable was not that it was inaccurate; by the standard of the sun it was perfectly accurate. It was that accuracy of that kind could not be shared. A network needs its members to agree on a convention, and the value of the convention lies almost entirely in the agreement, not in the truth of the thing agreed. That is why the change, once begun, spread quickly: each town that joined made joining more attractive for the rest.

**The author calls local time 'perfectly accurate' in order to:**",,125,,,,4,,suggest that the towns were right to resist the schedules imposed on them,concede that early railway schedules were built on faulty measurements,praise the astronomers who first measured the sun's position from each town,stress that its defect was not error but that it could not be shared,,,VARC/reading-comprehension,0.5
VARC,VARC-RC2,1,mcsc,markdown,"**Read the following passage carefully and answer the question that follows.**

Beneath the floor of most forests lies a dense mesh of fungal threads, thinner than hair and far more numerous than roots. Many of these fungi wrap themselves around, or grow into, the roots of trees. The arrangement suits both sides: the fungus takes sugars that the tree makes in its leaves, and the tree gains water and minerals that the fungal threads, with their enormous surface area, can gather from soil far beyond a root's reach.

Because a single fungus can be linked to several trees at once, the threads also form a route between plants. Experiments in which one tree is fed carbon labelled so that it can be traced show that a small share of that carbon later turns up in neighbours connected to the same fungal partner. This finding has been retold in popular writing as evidence that forests behave like cooperatives, with vigorous trees deliberately feeding shaded seedlings.

The evidence supports something narrower. That a substance moves between two organisms does not establish that either one intended the transfer, or that the recipient benefited enough to matter. Carbon may simply follow a gradient, flowing from where it is abundant to where it is scarce, much as water does. The fungus, moreover, is not a neutral pipe. It is an organism with interests of its own, and it may retain much of what passes through, trading resources on terms that favour itself rather than any particular tree.

None of this makes the network unimportant. A seedling that gains even a modest supply of minerals in its first seasons may survive a drought it would otherwise not survive, and that is a large effect from a small transfer. The caution concerns the story we drape over the measurement. Describing the forest as generous is a metaphor; the data describe an exchange whose accounting has not yet been done.

**Which of the following best states the main argument of the passage?**",,125,,,,1,,"Fungal links between trees are real, but claims that trees deliberately share food outrun the data.","Fungal links between trees mostly injure the trees, because the fungus keeps nearly every resource.",Fungal links between trees are so faint that the transfers recorded are probably measurement error.,Fungal links between trees prove that a forest works as a cooperative rather than as a competition.,,,VARC/reading-comprehension,0.5
VARC,VARC-RC2,2,mcsc,markdown,"**Read the following passage carefully and answer the question that follows.**

Beneath the floor of most forests lies a dense mesh of fungal threads, thinner than hair and far more numerous than roots. Many of these fungi wrap themselves around, or grow into, the roots of trees. The arrangement suits both sides: the fungus takes sugars that the tree makes in its leaves, and the tree gains water and minerals that the fungal threads, with their enormous surface area, can gather from soil far beyond a root's reach.

Because a single fungus can be linked to several trees at once, the threads also form a route between plants. Experiments in which one tree is fed carbon labelled so that it can be traced show that a small share of that carbon later turns up in neighbours connected to the same fungal partner. This finding has been retold in popular writing as evidence that forests behave like cooperatives, with vigorous trees deliberately feeding shaded seedlings.

The evidence supports something narrower. That a substance moves between two organisms does not establish that either one intended the transfer, or that the recipient benefited enough to matter. Carbon may simply follow a gradient, flowing from where it is abundant to where it is scarce, much as water does. The fungus, moreover, is not a neutral pipe. It is an organism with interests of its own, and it may retain much of what passes through, trading resources on terms that favour itself rather than any particular tree.

None of this makes the network unimportant. A seedling that gains even a modest supply of minerals in its first seasons may survive a drought it would otherwise not survive, and that is a large effect from a small transfer. The caution concerns the story we drape over the measurement. Describing the forest as generous is a metaphor; the data describe an exchange whose accounting has not yet been done.

**According to the passage, the fungal threads do all of the following EXCEPT:**",,110,,,,2,,gather water and minerals from soil that lies beyond the reach of the roots,produce sugars for themselves rather than take them from the tree's leaves,hold back for themselves a share of the resources that move along them,connect one tree to another when a single fungus is joined to both of them,,,VARC/reading-comprehension,0.5
VARC,VARC-RC2,3,mcsc,markdown,"**Read the following passage carefully and answer the question that follows.**

Beneath the floor of most forests lies a dense mesh of fungal threads, thinner than hair and far more numerous than roots. Many of these fungi wrap themselves around, or grow into, the roots of trees. The arrangement suits both sides: the fungus takes sugars that the tree makes in its leaves, and the tree gains water and minerals that the fungal threads, with their enormous surface area, can gather from soil far beyond a root's reach.

Because a single fungus can be linked to several trees at once, the threads also form a route between plants. Experiments in which one tree is fed carbon labelled so that it can be traced show that a small share of that carbon later turns up in neighbours connected to the same fungal partner. This finding has been retold in popular writing as evidence that forests behave like cooperatives, with vigorous trees deliberately feeding shaded seedlings.

The evidence supports something narrower. That a substance moves between two organisms does not establish that either one intended the transfer, or that the recipient benefited enough to matter. Carbon may simply follow a gradient, flowing from where it is abundant to where it is scarce, much as water does. The fungus, moreover, is not a neutral pipe. It is an organism with interests of its own, and it may retain much of what passes through, trading resources on terms that favour itself rather than any particular tree.

None of this makes the network unimportant. A seedling that gains even a modest supply of minerals in its first seasons may survive a drought it would otherwise not survive, and that is a large effect from a small transfer. The caution concerns the story we drape over the measurement. Describing the forest as generous is a metaphor; the data describe an exchange whose accounting has not yet been done.

**It can be inferred that the author regards the carbon-tracing experiments as:**",,130,,,,2,,flawed in method and therefore in need of repetition by other research teams,sound in what they measure but weak support for the claims built on them,"beside the point, since the quantities involved cannot affect survival",conclusive proof that mature trees support shaded seedlings on purpose,,,VARC/reading-comprehension,0.5
VARC,VARC-RC2,4,mcsc,markdown,"**Read the following passage carefully and answer the question that follows.**

Beneath the floor of most forests lies a dense mesh of fungal threads, thinner than hair and far more numerous than roots. Many of these fungi wrap themselves around, or grow into, the roots of trees. The arrangement suits both sides: the fungus takes sugars that the tree makes in its leaves, and the tree gains water and minerals that the fungal threads, with their enormous surface area, can gather from soil far beyond a root's reach.

Because a single fungus can be linked to several trees at once, the threads also form a route between plants. Experiments in which one tree is fed carbon labelled so that it can be traced show that a small share of that carbon later turns up in neighbours connected to the same fungal partner. This finding has been retold in popular writing as evidence that forests behave like cooperatives, with vigorous trees deliberately feeding shaded seedlings.

The evidence supports something narrower. That a substance moves between two organisms does not establish that either one intended the transfer, or that the recipient benefited enough to matter. Carbon may simply follow a gradient, flowing from where it is abundant to where it is scarce, much as water does. The fungus, moreover, is not a neutral pipe. It is an organism with interests of its own, and it may retain much of what passes through, trading resources on terms that favour itself rather than any particular tree.

None of this makes the network unimportant. A seedling that gains even a modest supply of minerals in its first seasons may survive a drought it would otherwise not survive, and that is a large effect from a small transfer. The caution concerns the story we drape over the measurement. Describing the forest as generous is a metaphor; the data describe an exchange whose accounting has not yet been done.

**The comparison with water flowing down a gradient serves mainly to:**",,120,,,,4,,show that the fungal threads carry mostly water rather than dissolved sugar,argue that carbon moves too slowly to reach a neighbouring tree in a season,suggest that the labelled carbon was washed through the soil by heavy rain,offer a mechanism for the transfer that needs no intention by either tree,,,VARC/reading-comprehension,0.5
VARC,VARC-RC3,1,mcsc,markdown,"**Read the following passage carefully and answer the question that follows.**

For much of the twentieth century, planners in growing cities treated the bicycle as a relic. Streets were widened, parking was added, and the space left for anyone on two wheels shrank to a painted strip beside fast traffic. Cycling did not disappear, but it became a choice for the brave.

In the last three decades many of those same cities have reversed course. The reason is mostly arithmetic. A lane of road carries far more people per hour on bicycles than in cars, because a bicycle needs about a tenth of the space and, when parked, almost none. Cities that could not afford to widen a single street found they could move more residents simply by changing what the existing width was used for.

Comfort turned out to matter more than exhortation. Where a city merely painted lines on the asphalt, ridership rose a little. Where it separated the cycle lane from moving traffic with a kerb or a row of parked cars, ridership rose sharply, and the new riders included many more children and older people. Surveys give a consistent explanation: most people are willing to cycle but unwilling to cycle beside lorries.

The change has limits. Bicycles work best for trips under about eight kilometres, so a city spread thinly over a wide area will always need other options, and hills and heavy rain reduce the numbers. Freight and emergency vehicles still need road space. What the experience of recent decades suggests is narrower than a slogan: for short journeys in dense districts, the cheapest way to add capacity is often to give a little room to bicycles, and the room only works if it feels safe.

**Which of the following best expresses the main idea of the passage?**",,100,,,,2,,Cities have returned to cycling because residents demanded a healthier way of travelling each day.,Cities have returned to cycling because protected lanes move many people cheaply on short trips.,Cities have returned to cycling because bicycles can replace cars on journeys of almost any length.,Cities have returned to cycling because widening roads for cars proved technically impossible to do.,,,VARC/reading-comprehension,0
VARC,VARC-RC3,2,mcsc,markdown,"**Read the following passage carefully and answer the question that follows.**

For much of the twentieth century, planners in growing cities treated the bicycle as a relic. Streets were widened, parking was added, and the space left for anyone on two wheels shrank to a painted strip beside fast traffic. Cycling did not disappear, but it became a choice for the brave.

In the last three decades many of those same cities have reversed course. The reason is mostly arithmetic. A lane of road carries far more people per hour on bicycles than in cars, because a bicycle needs about a tenth of the space and, when parked, almost none. Cities that could not afford to widen a single street found they could move more residents simply by changing what the existing width was used for.

Comfort turned out to matter more than exhortation. Where a city merely painted lines on the asphalt, ridership rose a little. Where it separated the cycle lane from moving traffic with a kerb or a row of parked cars, ridership rose sharply, and the new riders included many more children and older people. Surveys give a consistent explanation: most people are willing to cycle but unwilling to cycle beside lorries.

The change has limits. Bicycles work best for trips under about eight kilometres, so a city spread thinly over a wide area will always need other options, and hills and heavy rain reduce the numbers. Freight and emergency vehicles still need road space. What the experience of recent decades suggests is narrower than a slogan: for short journeys in dense districts, the cheapest way to add capacity is often to give a little room to bicycles, and the room only works if it feels safe.

**The passage mentions all of the following as limits on cycling EXCEPT:**",,95,,,,2,,sloping ground and spells of heavy rainfall,the price of buying and keeping up a bicycle,space that freight and emergency vehicles need,journeys longer than roughly eight kilometres,,,VARC/reading-comprehension,0
VARC,VARC-RC3,3,mcsc,markdown,"**Read the following passage carefully and answer the question that follows.**

For much of the twentieth century, planners in growing cities treated the bicycle as a relic. Streets were widened, parking was added, and the space left for anyone on two wheels shrank to a painted strip beside fast traffic. Cycling did not disappear, but it became a choice for the brave.

In the last three decades many of those same cities have reversed course. The reason is mostly arithmetic. A lane of road carries far more people per hour on bicycles than in cars, because a bicycle needs about a tenth of the space and, when parked, almost none. Cities that could not afford to widen a single street found they could move more residents simply by changing what the existing width was used for.

Comfort turned out to matter more than exhortation. Where a city merely painted lines on the asphalt, ridership rose a little. Where it separated the cycle lane from moving traffic with a kerb or a row of parked cars, ridership rose sharply, and the new riders included many more children and older people. Surveys give a consistent explanation: most people are willing to cycle but unwilling to cycle beside lorries.

The change has limits. Bicycles work best for trips under about eight kilometres, so a city spread thinly over a wide area will always need other options, and hills and heavy rain reduce the numbers. Freight and emergency vehicles still need road space. What the experience of recent decades suggests is narrower than a slogan: for short journeys in dense districts, the cheapest way to add capacity is often to give a little room to bicycles, and the room only works if it feels safe.

**It can be inferred that painted cycle lanes attract fewer new riders because:**",,120,,,,3,,they are built only in districts where very few residents own a bicycle,they are usually narrower than the width a bicycle actually needs to use,"they leave riders beside moving traffic, which most people will not take",they are marked in colours that drivers find difficult to notice in time,,,VARC/reading-comprehension,0.5
VARC,VARC-RC3,4,mcsc,markdown,"**Read the following passage carefully and answer the question that follows.**

For much of the twentieth century, planners in growing cities treated the bicycle as a relic. Streets were widened, parking was added, and the space left for anyone on two wheels shrank to a painted strip beside fast traffic. Cycling did not disappear, but it became a choice for the brave.

In the last three decades many of those same cities have reversed course. The reason is mostly arithmetic. A lane of road carries far more people per hour on bicycles than in cars, because a bicycle needs about a tenth of the space and, when parked, almost none. Cities that could not afford to widen a single street found they could move more residents simply by changing what the existing width was used for.

Comfort turned out to matter more than exhortation. Where a city merely painted lines on the asphalt, ridership rose a little. Where it separated the cycle lane from moving traffic with a kerb or a row of parked cars, ridership rose sharply, and the new riders included many more children and older people. Surveys give a consistent explanation: most people are willing to cycle but unwilling to cycle beside lorries.

The change has limits. Bicycles work best for trips under about eight kilometres, so a city spread thinly over a wide area will always need other options, and hills and heavy rain reduce the numbers. Freight and emergency vehicles still need road space. What the experience of recent decades suggests is narrower than a slogan: for short journeys in dense districts, the cheapest way to add capacity is often to give a little room to bicycles, and the room only works if it feels safe.

**The tone of the final paragraph is best described as:**",,115,,,,3,,"enthusiastic, urging cities to replace their car traffic with bicycles entirely","sceptical, doubting that the recent changes to city streets achieved anything","measured, marking out where cycle lanes help instead of stating a general rule","detached, refusing to take any position at all on the question under review",,,VARC/reading-comprehension,0.5
VARC,VARC-ODD-1,1,mcsc,markdown,"Four of the following five sentences, when arranged properly, form a coherent paragraph on a single theme; one sentence does not belong.

(1) Many plants depend on animals to carry their seeds well away from the parent tree.
(2) Fleshy fruits attract birds and mammals, which eat the pulp and drop the seeds elsewhere.
(3) Other seeds carry small hooks that catch on fur and are brushed off much later.
(4) Wind speed over open grassland is recorded by instruments mounted on tall poles.
(5) Such journeys reduce the competition between a seedling and the plant that produced it.

**Which sentence is the odd one out?**",,190,,,,1,,(4),(2),(5),(1),(3),,VARC/odd-one-out,0.5
VARC,VARC-ODD-2,1,mcsc,markdown,"Four of the following five sentences, when arranged properly, form a coherent paragraph on a single theme; one sentence does not belong.

(1) Before railways, every town kept its own clock, set roughly by the position of the sun.
(2) Athletes often train at altitude in the hope of raising the oxygen capacity of their blood.
(3) Timetables grew confusing once a train could cross many such local times in one day.
(4) Railway companies therefore imposed a single standard time along the whole of their lines.
(5) Governments later turned these private arrangements into the time zones still used today.

**Which sentence is the odd one out?**",,195,,,,2,,(5),(2),(4),(1),(3),,VARC/odd-one-out,0.5
VARC,VARC-ODD-3,1,mcsc,markdown,"Four of the following five sentences, when arranged properly, form a coherent paragraph on a single theme; one sentence does not belong.

(1) Trees planted along city streets do far more than soften the look of concrete.
(2) Their canopies shade the pavement and bring summer temperatures down noticeably.
(3) Their roots take up rainwater that would otherwise overwhelm drains during a storm.
(4) Their leaves also trap much of the dust that passing traffic throws into the air.
(5) Architects still disagree about whether glass facades suit historic city centres.

**Which sentence is the odd one out?**",,185,,,,3,,(2),(4),(5),(1),(3),,VARC/odd-one-out,0.5
VARC,VARC-JUMBLE-1,1,mcsc,markdown,"The four sentences below, when arranged in the correct order, form a coherent paragraph.

(1) Riders who still feel unsafe on the road go on avoiding it for months afterwards.
(2) Planners therefore judge such projects over a span of years rather than weeks.
(3) When a city paints a cycle lane along a busy road, the effect is rarely immediate.
(4) Only as the numbers slowly build does the lane start to feel ordinary and safe.

**Select the correct order.**",,210,,,,3,,3412,1432,3142,1342,,,VARC/para-jumble,0.5
VARC,VARC-JUMBLE-2,1,mcsc,markdown,"The four sentences below, when arranged in the correct order, form a coherent paragraph.

(1) After about a week it is lively enough to raise a loaf without any added yeast.
(2) A sourdough starter is nothing more than flour and water left to attract wild yeasts.
(3) Bakers who keep feeding it can go on using the same starter for decades.
(4) Once bubbles appear, the mixture is fed every day with a little fresh flour.

**Select the correct order.**",,200,,,,3,,2431,4231,2413,4213,,,VARC/para-jumble,0.5
VARC,VARC-JUMBLE-3,1,mcsc,markdown,"The four sentences below, when arranged in the correct order, form a coherent paragraph.

(1) Rising concern about the emissions of air travel then changed that calculation.
(2) Cheap flights had made the sleeper look slow and expensive by comparison.
(3) Several operators have since restored night routes between major European cities.
(4) Night trains had almost disappeared from Europe by the early years of this century.

**Select the correct order.**",,205,,,,2,,2413,4213,4231,2431,,,VARC/para-jumble,0.5
VARC,VARC-JUMBLE-4,1,mcsc,markdown,"The four sentences below, when arranged in the correct order, form a coherent paragraph.

(1) Grams simply remove the guesswork that volume measures quietly introduce.
(2) Bakers who want repeatable results therefore reach for a kitchen scale instead.
(3) Recipes in many countries still ask the cook to measure flour by the cupful.
(4) The same cup, though, holds different weights depending on how tightly it is packed.

**Select the correct order.**",,210,,,,2,,4321,3421,3241,4231,,,VARC/para-jumble,0.5
VARC,VARC-SUMMARY-1,1,mcsc,markdown,"**Read the paragraph given below and answer the question that follows.**

Open-plan offices were introduced partly to encourage conversation between colleagues. In practice many workers find the constant background noise distracting and put on headphones in order to concentrate, which cuts off the very exchanges the layout was meant to create.

**Which option best summarises the paragraph?**",,160,,,,3,,Workers in open-plan offices wear headphones so that they can concentrate on their own tasks.,Offices ought to be rebuilt with private rooms so that colleagues can talk to one another freely.,"Open-plan offices defeat their own aim, since noise drives workers to shut themselves off.",Quiet matters more to office productivity than the conversation between colleagues ever did.,,,VARC/summary,0
VARC,VARC-SUMMARY-2,1,mcsc,markdown,"**Read the paragraph given below and answer the question that follows.**

Delivery apps bring a restaurant orders it would never otherwise have received. They also take a share of every bill, and customers who once walked in now stay at home, so a busy kitchen can finish the month having sold more meals and kept less money.

**Which option best summarises the paragraph?**",,180,,,,3,,Restaurants that use delivery apps must pay a commission on every single order received.,Customers order from home because delivery apps charge less than restaurants themselves do.,Delivery apps lift a restaurant's order count while thinning the margin it earns on each.,Restaurants should abandon delivery apps and serve only customers who come in person.,,,VARC/summary,0.5
VARC,VARC-SUMMARY-3,1,mcsc,markdown,"**Read the paragraph given below and answer the question that follows.**

Where beavers return to a river they build dams, and parts of the valley flood. Farmers lose the use of some low-lying fields, but the new ponds slow floodwater heading downstream and hold water through dry spells, so the towns below gain what the fields lose.

**Which option best summarises the paragraph?**",,185,,,,2,,"Beavers should be returned to every river, since their dams end both flooding and drought.",Beaver dams cost nearby farmland while handing downstream towns a gain in water security.,Beavers build dams that flood low-lying fields and take useful farmland out of production.,Farmers gain more from beaver ponds than the towns downstream do in long spells of dry weather.,,,VARC/summary,0.5
VARC,VARC-SUMMARY-4,1,mcsc,markdown,"**Read the paragraph given below and answer the question that follows.**

A translator of poetry cannot keep everything. Sound, rhythm and literal sense pull in different directions, and holding on to one of them usually means loosening the grip on another. Every finished translation is therefore a record of the choices its translator was willing to make.

**Which option best summarises the paragraph?**",,195,,,,4,,"Skilled translators of poetry do manage to preserve sound, rhythm and literal meaning at once.","Poetry is best read in the original, because any translation destroys what really matters in it.",Translators of poetry find it hard to reproduce the rhythm of the original in another language.,"A poem's sound and sense compete, so translation records the trade-offs a translator accepts.",,,VARC/summary,0.5
VARC,VARC-SUMMARY-5,1,mcsc,markdown,"**Read the paragraph given below and answer the question that follows.**

Cities that switch to bright white LED streetlights cut their electricity bills at once. Insects, however, are drawn to that part of the spectrum far more strongly than to the old orange lamps, and the moths gathering under the new lights are eaten or exhausted well before dawn.

**Which option best summarises the paragraph?**",,180,,,,3,,Moths keep away from white LED lights and so survive better than they did under orange ones.,Cities ought to bring back orange streetlamps in order to protect their declining moths.,The savings from white LED street lighting carry a hidden cost for night-flying insects.,White LED streetlights consume markedly less electricity than the orange lamps they replace.,,,VARC/summary,0.5
DILR,DILR-1,1,mcsc,markdown,"**Read the information given below and answer the question that follows.**

Five runners, Farid, Lena, Mirko, Priya and Tomas, finished a 5 km club race in five different positions, from first to fifth. No two runners finished together.

- Priya finished ahead of Lena, and Lena finished ahead of Mirko.
- Exactly one runner finished between Farid and Tomas, with Farid ahead of Tomas.
- Priya did not finish first.

**Which runner finished third?**",,200,,,,2,,Priya,Tomas,Farid,Lena,,,DILR/logic-tournament,0.5
DILR,DILR-1,2,mcsc,markdown,"**Read the information given below and answer the question that follows.**

Five runners, Farid, Lena, Mirko, Priya and Tomas, finished a 5 km club race in five different positions, from first to fifth. No two runners finished together.

- Priya finished ahead of Lena, and Lena finished ahead of Mirko.
- Exactly one runner finished between Farid and Tomas, with Farid ahead of Tomas.
- Priya did not finish first.

**In which position did Lena finish?**",,180,,,,1,,Fourth,Second,Fifth,Third,,,DILR/logic-tournament,0.5
DILR,DILR-1,3,mcsc,markdown,"**Read the information given below and answer the question that follows.**

Five runners, Farid, Lena, Mirko, Priya and Tomas, finished a 5 km club race in five different positions, from first to fifth. No two runners finished together.

- Priya finished ahead of Lena, and Lena finished ahead of Mirko.
- Exactly one runner finished between Farid and Tomas, with Farid ahead of Tomas.
- Priya did not finish first.

**Which of the following statements is true?**",,220,,,,3,,Lena finished immediately behind Tomas but ahead of Priya,Tomas finished immediately ahead of Priya,Mirko finished immediately behind Lena,Farid finished two places behind Priya,,,DILR/logic-tournament,0.5
DILR,DILR-2,1,mcsc,markdown,"**Read the information given below and answer the question that follows.**

Four members of a college club, Anya, Boris, Carla and Dev, earned points in a month-long fundraising drive. Together they earned 120 points.

- Boris earned 6 points more than Carla.
- Anya earned exactly twice as many points as Dev.
- Dev earned 16 points.

**How many points did Carla earn?**",,190,,,,2,,36,33,30,39,,,DILR/logic-quiz-scores,0.5
DILR,DILR-2,2,mcsc,markdown,"**Read the information given below and answer the question that follows.**

Four members of a college club, Anya, Boris, Carla and Dev, earned points in a month-long fundraising drive. Together they earned 120 points.

- Boris earned 6 points more than Carla.
- Anya earned exactly twice as many points as Dev.
- Dev earned 16 points.

**Who earned the most points?**",,170,,,,3,,Carla,Dev,Boris,Anya,,,DILR/logic-quiz-scores,0.5
DILR,DILR-2,3,mcsc,markdown,"**Read the information given below and answer the question that follows.**

Four members of a college club, Anya, Boris, Carla and Dev, earned points in a month-long fundraising drive. Together they earned 120 points.

- Boris earned 6 points more than Carla.
- Anya earned exactly twice as many points as Dev.
- Dev earned 16 points.

**By how many points does the highest total exceed the lowest total?**",,195,,,,1,,23,27,7,17,,,DILR/logic-quiz-scores,0.5
DILR,DILR-3,1,mcsc,markdown,"**Study the data given below and answer the question that follows.**

A beverage wholesaler reports last month's trade at its three depots. Table 1 gives the number of packs sold, in hundreds of packs. Table 2 gives the selling price of one pack, in euros, at that depot.

Table 1: Packs sold (in hundreds)

| Category | Verona | Padua | Ferrara |
|---|--:|--:|--:|
| Espresso blend | 12 | 15 | 9 |
| Herbal tea | 8 | 6 | 10 |
| Cocoa | 5 | 9 | 11 |

Table 2: Price per pack (in euros)

| Category | Verona | Padua | Ferrara |
|---|--:|--:|--:|
| Espresso blend | 20 | 20 | 25 |
| Herbal tea | 10 | 15 | 10 |
| Cocoa | 30 | 20 | 20 |

**How many hundreds of packs were sold in total at the Ferrara depot?**",,150,,,,1,,30,28,25,32,,,DILR/di-table,0.5
DILR,DILR-3,2,mcsc,markdown,"**Study the data given below and answer the question that follows.**

A beverage wholesaler reports last month's trade at its three depots. Table 1 gives the number of packs sold, in hundreds of packs. Table 2 gives the selling price of one pack, in euros, at that depot.

Table 1: Packs sold (in hundreds)

| Category | Verona | Padua | Ferrara |
|---|--:|--:|--:|
| Espresso blend | 12 | 15 | 9 |
| Herbal tea | 8 | 6 | 10 |
| Cocoa | 5 | 9 | 11 |

Table 2: Price per pack (in euros)

| Category | Verona | Padua | Ferrara |
|---|--:|--:|--:|
| Espresso blend | 20 | 20 | 25 |
| Herbal tea | 10 | 15 | 10 |
| Cocoa | 30 | 20 | 20 |

**Which depot and category together generated the highest revenue?**",,210,,,,1,,"Padua, espresso blend","Ferrara, cocoa","Verona, espresso blend","Ferrara, espresso blend",,,DILR/di-table,0.5
DILR,DILR-3,3,mcsc,markdown,"**Study the data given below and answer the question that follows.**

A beverage wholesaler reports last month's trade at its three depots. Table 1 gives the number of packs sold, in hundreds of packs. Table 2 gives the selling price of one pack, in euros, at that depot.

Table 1: Packs sold (in hundreds)

| Category | Verona | Padua | Ferrara |
|---|--:|--:|--:|
| Espresso blend | 12 | 15 | 9 |
| Herbal tea | 8 | 6 | 10 |
| Cocoa | 5 | 9 | 11 |

Table 2: Price per pack (in euros)

| Category | Verona | Padua | Ferrara |
|---|--:|--:|--:|
| Espresso blend | 20 | 20 | 25 |
| Herbal tea | 10 | 15 | 10 |
| Cocoa | 30 | 20 | 20 |

**What was the combined revenue from cocoa across the three depots, in euros?**",,220,,,,3,,"52,000","61,000","55,000","58,000",,,DILR/di-table,0.5
DILR,DILR-3,4,mcsc,markdown,"**Study the data given below and answer the question that follows.**

A beverage wholesaler reports last month's trade at its three depots. Table 1 gives the number of packs sold, in hundreds of packs. Table 2 gives the selling price of one pack, in euros, at that depot.

Table 1: Packs sold (in hundreds)

| Category | Verona | Padua | Ferrara |
|---|--:|--:|--:|
| Espresso blend | 12 | 15 | 9 |
| Herbal tea | 8 | 6 | 10 |
| Cocoa | 5 | 9 | 11 |

Table 2: Price per pack (in euros)

| Category | Verona | Padua | Ferrara |
|---|--:|--:|--:|
| Espresso blend | 20 | 20 | 25 |
| Herbal tea | 10 | 15 | 10 |
| Cocoa | 30 | 20 | 20 |

**In how many of the nine depot and category combinations did revenue exceed 20,000 euros?**",,240,,,,2,,3,4,6,5,,,DILR/di-table,0.5
DILR,DILR-4,1,mcsc,markdown,"**Read the information given below and answer the question that follows.**

Four volunteers, Ines, Karim, Nadia and Omar, each work exactly one lab shift during a week, on Monday, Tuesday, Wednesday and Thursday, one volunteer per day. Each is also assigned a different single duty: filing, inventory, reception or training.

- Karim works on the day immediately after Nadia's shift.
- Ines works neither on Monday nor on Thursday.
- Omar's shift falls earlier in the week than Ines's shift.
- The volunteer working on Wednesday is assigned inventory.
- Ines is assigned reception, and Omar is assigned training.

**Which volunteer works on Monday?**",,200,,,,1,,Omar,Karim,Ines,Nadia,,,DILR/logic-investment,0.5
DILR,DILR-4,2,mcsc,markdown,"**Read the information given below and answer the question that follows.**

Four volunteers, Ines, Karim, Nadia and Omar, each work exactly one lab shift during a week, on Monday, Tuesday, Wednesday and Thursday, one volunteer per day. Each is also assigned a different single duty: filing, inventory, reception or training.

- Karim works on the day immediately after Nadia's shift.
- Ines works neither on Monday nor on Thursday.
- Omar's shift falls earlier in the week than Ines's shift.
- The volunteer working on Wednesday is assigned inventory.
- Ines is assigned reception, and Omar is assigned training.

**Which volunteer and duty are correctly paired?**",,210,,,,4,,Omar with reception,Karim with inventory,Nadia with filing,Karim with filing,,,DILR/logic-investment,0.5
DILR,DILR-4,3,mcsc,markdown,"**Read the information given below and answer the question that follows.**

Four volunteers, Ines, Karim, Nadia and Omar, each work exactly one lab shift during a week, on Monday, Tuesday, Wednesday and Thursday, one volunteer per day. Each is also assigned a different single duty: filing, inventory, reception or training.

- Karim works on the day immediately after Nadia's shift.
- Ines works neither on Monday nor on Thursday.
- Omar's shift falls earlier in the week than Ines's shift.
- The volunteer working on Wednesday is assigned inventory.
- Ines is assigned reception, and Omar is assigned training.

**Suppose Ines and Karim exchange shift days, every duty staying with the same person. Who then works on the day immediately before the inventory shift?**",,260,,,,1,,Karim,Nadia,Omar,Ines,,,DILR/logic-investment,1
DILR,DILR-5,1,mcsc,markdown,"**Study the data given below and answer the question that follows.**

The bar chart shows the number of bicycles sold, in thousands, for three models of a manufacturer in each of the years 2021, 2022 and 2023.

![chart](https://s13n-curr-images-bucket.s3.ap-south-1.amazonaws.com/imat/2026-07-23/DILR-5_0.png)

**How many thousand bicycles were sold in total across the three models in 2022?**",,150,,,,1,,63,65,60,58,,,DILR/di-graph,0.5
DILR,DILR-5,2,mcsc,markdown,"**Study the data given below and answer the question that follows.**

The bar chart shows the number of bicycles sold, in thousands, for three models of a manufacturer in each of the years 2021, 2022 and 2023.

![chart](https://s13n-curr-images-bucket.s3.ap-south-1.amazonaws.com/imat/2026-07-23/DILR-5_0.png)

**By what percentage did Kestrel sales grow from 2021 to 2023?**",,180,,,,2,,120%,140%,58%,240%,,,DILR/di-graph,0.5
DILR,DILR-5,3,mcsc,markdown,"**Study the data given below and answer the question that follows.**

The bar chart shows the number of bicycles sold, in thousands, for three models of a manufacturer in each of the years 2021, 2022 and 2023.

![chart](https://s13n-curr-images-bucket.s3.ap-south-1.amazonaws.com/imat/2026-07-23/DILR-5_0.png)

**What is the ratio of total Orion sales over the three years to total Nimbus sales over the three years?**",,200,,,,3,,3 : 5,5 : 4,4 : 5,2 : 3,,,DILR/di-graph,0.5
DILR,DILR-5,4,mcsc,markdown,"**Study the data given below and answer the question that follows.**

The bar chart shows the number of bicycles sold, in thousands, for three models of a manufacturer in each of the years 2021, 2022 and 2023.

![chart](https://s13n-curr-images-bucket.s3.ap-south-1.amazonaws.com/imat/2026-07-23/DILR-5_0.png)

**What were the average annual sales of Kestrel, in thousands, over the three years?**",,160,,,,2,,20,18,17,16,,,DILR/di-graph,0.5
DILR,DILR-5,5,mcsc,markdown,"**Study the data given below and answer the question that follows.**

The bar chart shows the number of bicycles sold, in thousands, for three models of a manufacturer in each of the years 2021, 2022 and 2023.

![chart](https://s13n-curr-images-bucket.s3.ap-south-1.amazonaws.com/imat/2026-07-23/DILR-5_0.png)

**By how many thousand units did the three-model total in 2023 exceed the three-model total in 2021?**",,190,,,,4,,34,40,38,36,,,DILR/di-graph,0.5
QA,QA-MCQ-1,1,mcsc,text,"A school has 640 students, and 35% of them travel to school by bus. How many students travel by bus?",,60,,,,4,,192,416,448,224,,,QA/quant,0
QA,QA-MCQ-2,1,mcsc,text,"A trader buys a chair for 250 euros and sells it at a profit of 15% on the cost price. What is the selling price, in euros?",,65,,,,4,,265.00,275.00,212.50,287.50,,,QA/quant,0
QA,QA-MCQ-3,1,mcsc,text,A sum of 3300 euros is divided between Anna and Bruno in the ratio 4 : 7. How many euros does Bruno receive?,,70,,,,1,,2100,1650,2200,1200,,,QA/quant,0
QA,QA-MCQ-4,1,mcsc,text,Six readings taken during an experiment add up to 261. What is the average of the six readings?,,55,,,,4,,37.3,52.2,44.5,43.5,,,QA/quant,0
QA,QA-MCQ-5,1,mcsc,text,A circular flower bed has a diameter of 14 metres. What is the length of the fence needed to enclose it exactly once? (take pi = 22/7),,72,,,,4,,22 m,154 m,88 m,44 m,,,QA/quant,0
QA,QA-MCQ-6,1,mcsc,text,"Two bells ring at intervals of 15 seconds and 18 seconds. If they ring together once, after how many seconds will they next ring together?",,75,,,,4,,45,270,180,90,,,QA/quant,0
QA,QA-MCQ-7,1,mcsc,text,"A sum of 12000 euros is lent at 8% per annum simple interest. What total amount, in euros, is repaid at the end of 2 years and 6 months?",,125,,,,1,,14400,13920,14880,2400,,,QA/quant,0.5
QA,QA-MCQ-8,1,mcsc,text,A cyclist rides from a village to a market 30 km away at 15 km/h and returns along the same road at 10 km/h. What is the average speed for the whole trip?,,140,,,,3,,12.5 km/h,25 km/h,12 km/h,11 km/h,,,QA/quant,0.5
QA,QA-MCQ-9,1,mcsc,text,"A water tank is 3/5 full. After 24 litres are drawn out, the tank is 1/3 full. What is the full capacity of the tank, in litres?",,150,,,,4,,40,120,72,90,,,QA/quant,0.5
QA,QA-MCQ-10,1,mcsc,text,"A sum of 12000 euros is lent for 2 years at 10% per annum. By how many euros does the compound interest, compounded annually, exceed the simple interest for the same period?",,130,,,,1,,120 euros,240 euros,252 euros,100 euros,,,QA/quant,0.5
QA,QA-MCQ-11,1,mcsc,text,"Tap A alone can fill an empty tank in 15 minutes, while an outlet pipe B alone can empty a full tank in 20 minutes. If both are opened together when the tank is empty, how long will the tank take to fill completely?",,120,,,,1,,60 minutes,35 minutes,45 minutes,30 minutes,,,QA/quant,0.5
QA,QA-MCQ-12,1,mcsc,text,A laboratory has 40 litres of a solution in which acid forms 15% of the volume. How many litres of pure water must be added so that acid forms exactly 10% of the resulting solution?,,135,,,,4,,5 litres,10 litres,15 litres,20 litres,,,QA/quant,0.5
QA,QA-MCQ-13,1,mcsc,text,"A box holds 5 red marbles and 3 green marbles. One marble is drawn at random, its colour is noted, and it is put back before a second marble is drawn. What is the probability that the two marbles drawn have the same colour?",,145,,,,1,,17/32,1/2,13/28,15/64,,,QA/quant,0.5
QA,QA-MCQ-14,1,mcsc,text,A committee of 3 members is to be chosen from 5 men and 4 women. In how many ways can this be done if the committee must include at least one woman?,,150,,,,2,,64,74,84,40,,,QA/quant,0.5
QA,QA-MCQ-15,1,mcsc,text,"A closed solid cylinder has a base radius of 7 cm and a height of 10 cm. Taking pi = 22/7, what is its total surface area?",,130,,,,4,,594 square cm,440 square cm,902 square cm,748 square cm,,,QA/quant,0.5
QA,QA-MCQ-16,1,mcsc,text,"What is the smallest positive integer that leaves a remainder of 3 when divided by each of 6, 7 and 8, and is also exactly divisible by 11?",,230,,,,1,,1683,1680,2523,171,,,QA/quant,1
QA,QA-MCQ-17,1,mcsc,text,"Working in pairs, A and B finish a job in 12 days, B and C finish the same job in 15 days, and A and C finish it in 20 days. Working all three together, in how many days will they finish the job?",,210,,,,3,,12 days,5 days,10 days,16 days,,,QA/quant,1
QA,QA-MCQ-18,1,mcsc,text,In an arithmetic progression the sum of the first 15 terms is 600 and the 5th term is 22. What is the 20th term of this progression?,,215,,,,1,,112,118,100,106,,,QA/quant,1
QA,QA-TITA-1,1,tita,text,In a geometric progression the first term is 5 and the common ratio is 3. What is the fourth term? Type your answer as an integer.,135,125,,,,,,,,,,,,QA/quant,0
QA,QA-TITA-2,1,tita,text,"What is the sum of all even numbers from 2 to 40, both included? Type your answer as an integer.",420,130,,,,,,,,,,,,QA/quant,0
QA,QA-TITA-3,1,tita,text,"The population of a town is 12500. During the first year it rises by 20%, and during the second year it falls by 10%. What is the population at the end of the second year? Type your answer as an integer.",13500,180,,,,,,,,,,,,QA/quant,0.5
QA,QA-TITA-4,1,tita,text,"How many four-digit numbers can be formed using the digits 0, 1, 2, 3 and 4 if no digit is repeated in a number? Type your answer as an integer.",96,200,,,,,,,,,,,,QA/quant,0.5
QA,QA-TITA-5,1,tita,text,A train 180 m long crosses a platform 240 m long in 21 seconds. What is the speed of the train in km/h? Type your answer as an integer.,72,190,,,,,,,,,,,,QA/quant,0.5
QA,QA-TITA-6,1,tita,text,"What is the smallest positive integer that leaves a remainder of 3 when divided by 5, a remainder of 4 when divided by 6, and a remainder of 5 when divided by 7? Type your answer as an integer.",208,300,,,,,,,,,,,,QA/quant,1
VARC,VARC-RC1,1,mcsc,markdown,"**Read the following passage carefully and answer the question that follows.**

Economists have long treated their instruments as mirrors: a price index reflects inflation, an unemployment rate reflects idleness, a credit score reflects the risk that a borrower will default. The metaphor is convenient and, within limits, harmless. It becomes misleading the moment a measure acquires an audience. Once a credit score governs access to a mortgage, borrowers begin to manage the score rather than the prudence it was built to detect; lenders, in turn, price loans off the managed score. What began as a description of behaviour becomes one of the pressures that shape it. The measure is not merely inaccurate; it is productive.

It is tempting to read this as an indictment of quantification, and some critics do. The inference is too quick. Nothing in the argument shows that unmeasured judgment is more faithful to the world; loan officers working on intuition were biased in ways no one audited, and their errors, being invisible, were also uncorrectable. What the argument establishes is narrower and more awkward: the accuracy of a social measure is not a fixed property of the measure but a function of how consequential it has been allowed to become. A statistic used only by researchers may describe reasonably well what it claims to describe. The same statistic, once written into a contract or a regulation, begins to erode its own validity, and does so at a rate that has little to do with the care taken in its construction.

This has an uncomfortable corollary for institutional design. If validity decays with use, then the standard remedy, refining the metric, addresses the wrong variable. Better specification may buy time; it cannot arrest the process, because the process is driven not by measurement error but by the incentives that consequence creates. The alternatives are unattractive in different ways: rotate metrics before they are gamed, and lose comparability across periods; keep several imperfect indicators in play, and abandon the crisp accountability a single number provides; or make the metric one input among several to a judgment that remains discretionary, and therefore hard to challenge. None of these is a solution. Each is a choice about which kind of failure a system prefers to live with.

**The passage is primarily concerned with establishing which of the following?**",,200,,,,4,,Credit scoring shows how a poorly constructed statistic can end up distorting the very market that comes to depend on it.,"Because quantitative indicators are routinely gamed, consequential decisions are better left to experienced human judgment.",Social measures fail chiefly because those who design them pay too little attention to how the underlying quantity is defined.,"A measure's validity falls once it is given consequences, so refining its design cannot fix the problem.",,,VARC/reading-comprehension,0.5
VARC,VARC-RC1,2,mcsc,markdown,"**Read the following passage carefully and answer the question that follows.**

Economists have long treated their instruments as mirrors: a price index reflects inflation, an unemployment rate reflects idleness, a credit score reflects the risk that a borrower will default. The metaphor is convenient and, within limits, harmless. It becomes misleading the moment a measure acquires an audience. Once a credit score governs access to a mortgage, borrowers begin to manage the score rather than the prudence it was built to detect; lenders, in turn, price loans off the managed score. What began as a description of behaviour becomes one of the pressures that shape it. The measure is not merely inaccurate; it is productive.

It is tempting to read this as an indictment of quantification, and some critics do. The inference is too quick. Nothing in the argument shows that unmeasured judgment is more faithful to the world; loan officers working on intuition were biased in ways no one audited, and their errors, being invisible, were also uncorrectable. What the argument establishes is narrower and more awkward: the accuracy of a social measure is not a fixed property of the measure but a function of how consequential it has been allowed to become. A statistic used only by researchers may describe reasonably well what it claims to describe. The same statistic, once written into a contract or a regulation, begins to erode its own validity, and does so at a rate that has little to do with the care taken in its construction.

This has an uncomfortable corollary for institutional design. If validity decays with use, then the standard remedy, refining the metric, addresses the wrong variable. Better specification may buy time; it cannot arrest the process, because the process is driven not by measurement error but by the incentives that consequence creates. The alternatives are unattractive in different ways: rotate metrics before they are gamed, and lose comparability across periods; keep several imperfect indicators in play, and abandon the crisp accountability a single number provides; or make the metric one input among several to a judgment that remains discretionary, and therefore hard to challenge. None of these is a solution. Each is a choice about which kind of failure a system prefers to live with.

**The reference to loan officers working on intuition serves mainly to:**",,200,,,,4,,suggest that decisions taken without written records can never be usefully audited,establish that discretionary human judgment was historically more faithful to the world,illustrate the process by which lenders learn to price loans off a managed score,block the conclusion that dispensing with measurement would improve accuracy,,,VARC/reading-comprehension,0.5
VARC,VARC-RC1,3,mcsc,markdown,"**Read the following passage carefully and answer the question that follows.**

Economists have long treated their instruments as mirrors: a price index reflects inflation, an unemployment rate reflects idleness, a credit score reflects the risk that a borrower will default. The metaphor is convenient and, within limits, harmless. It becomes misleading the moment a measure acquires an audience. Once a credit score governs access to a mortgage, borrowers begin to manage the score rather than the prudence it was built to detect; lenders, in turn, price loans off the managed score. What began as a description of behaviour becomes one of the pressures that shape it. The measure is not merely inaccurate; it is productive.

It is tempting to read this as an indictment of quantification, and some critics do. The inference is too quick. Nothing in the argument shows that unmeasured judgment is more faithful to the world; loan officers working on intuition were biased in ways no one audited, and their errors, being invisible, were also uncorrectable. What the argument establishes is narrower and more awkward: the accuracy of a social measure is not a fixed property of the measure but a function of how consequential it has been allowed to become. A statistic used only by researchers may describe reasonably well what it claims to describe. The same statistic, once written into a contract or a regulation, begins to erode its own validity, and does so at a rate that has little to do with the care taken in its construction.

This has an uncomfortable corollary for institutional design. If validity decays with use, then the standard remedy, refining the metric, addresses the wrong variable. Better specification may buy time; it cannot arrest the process, because the process is driven not by measurement error but by the incentives that consequence creates. The alternatives are unattractive in different ways: rotate metrics before they are gamed, and lose comparability across periods; keep several imperfect indicators in play, and abandon the crisp accountability a single number provides; or make the metric one input among several to a judgment that remains discretionary, and therefore hard to challenge. None of these is a solution. Each is a choice about which kind of failure a system prefers to live with.

**The author would agree with all of the following EXCEPT:**",,265,,,,1,,A well specified metric retains its validity indefinitely if it is applied consistently.,A statistic may describe its object reasonably well while its use stays confined to research.,Errors produced by unaudited discretion are harder to correct than errors of formal measurement.,Relying on several imperfect indicators at once costs a system some of its clarity of accountability.,,,VARC/reading-comprehension,1
VARC,VARC-RC1,4,mcsc,markdown,"**Read the following passage carefully and answer the question that follows.**

Economists have long treated their instruments as mirrors: a price index reflects inflation, an unemployment rate reflects idleness, a credit score reflects the risk that a borrower will default. The metaphor is convenient and, within limits, harmless. It becomes misleading the moment a measure acquires an audience. Once a credit score governs access to a mortgage, borrowers begin to manage the score rather than the prudence it was built to detect; lenders, in turn, price loans off the managed score. What began as a description of behaviour becomes one of the pressures that shape it. The measure is not merely inaccurate; it is productive.

It is tempting to read this as an indictment of quantification, and some critics do. The inference is too quick. Nothing in the argument shows that unmeasured judgment is more faithful to the world; loan officers working on intuition were biased in ways no one audited, and their errors, being invisible, were also uncorrectable. What the argument establishes is narrower and more awkward: the accuracy of a social measure is not a fixed property of the measure but a function of how consequential it has been allowed to become. A statistic used only by researchers may describe reasonably well what it claims to describe. The same statistic, once written into a contract or a regulation, begins to erode its own validity, and does so at a rate that has little to do with the care taken in its construction.

This has an uncomfortable corollary for institutional design. If validity decays with use, then the standard remedy, refining the metric, addresses the wrong variable. Better specification may buy time; it cannot arrest the process, because the process is driven not by measurement error but by the incentives that consequence creates. The alternatives are unattractive in different ways: rotate metrics before they are gamed, and lose comparability across periods; keep several imperfect indicators in play, and abandon the crisp accountability a single number provides; or make the metric one input among several to a judgment that remains discretionary, and therefore hard to challenge. None of these is a solution. Each is a choice about which kind of failure a system prefers to live with.

**It can be inferred that the author regards the erosion of a measure's validity as:**",,265,,,,1,,"incentive-driven, and hence beyond the reach of purely technical refinement",a consequence of borrowers and lenders misunderstanding what a score measures,an unavoidable feature of every attempt to describe social behaviour in numbers,slower in those cases where the measure has been constructed with greater care,,,VARC/reading-comprehension,1
VARC,VARC-RC1,5,mcsc,markdown,"**Read the following passage carefully and answer the question that follows.**

Economists have long treated their instruments as mirrors: a price index reflects inflation, an unemployment rate reflects idleness, a credit score reflects the risk that a borrower will default. The metaphor is convenient and, within limits, harmless. It becomes misleading the moment a measure acquires an audience. Once a credit score governs access to a mortgage, borrowers begin to manage the score rather than the prudence it was built to detect; lenders, in turn, price loans off the managed score. What began as a description of behaviour becomes one of the pressures that shape it. The measure is not merely inaccurate; it is productive.

It is tempting to read this as an indictment of quantification, and some critics do. The inference is too quick. Nothing in the argument shows that unmeasured judgment is more faithful to the world; loan officers working on intuition were biased in ways no one audited, and their errors, being invisible, were also uncorrectable. What the argument establishes is narrower and more awkward: the accuracy of a social measure is not a fixed property of the measure but a function of how consequential it has been allowed to become. A statistic used only by researchers may describe reasonably well what it claims to describe. The same statistic, once written into a contract or a regulation, begins to erode its own validity, and does so at a rate that has little to do with the care taken in its construction.

This has an uncomfortable corollary for institutional design. If validity decays with use, then the standard remedy, refining the metric, addresses the wrong variable. Better specification may buy time; it cannot arrest the process, because the process is driven not by measurement error but by the incentives that consequence creates. The alternatives are unattractive in different ways: rotate metrics before they are gamed, and lose comparability across periods; keep several imperfect indicators in play, and abandon the crisp accountability a single number provides; or make the metric one input among several to a judgment that remains discretionary, and therefore hard to challenge. None of these is a solution. Each is a choice about which kind of failure a system prefers to live with.

**Which of the following, if true, would most weaken the author's corollary for institutional design?**",,265,,,,1,,Indicators published but never written into contracts decay at the same rate as those that are.,Regulators in practice revise their key indicators as soon as any clear evidence of widespread gaming reaches them.,Firms devote considerable resources to learning exactly how scoring models weight the inputs they receive.,Certain metrics embedded in regulation have gone on predicting the outcomes they were built to target for several decades.,,,VARC/reading-comprehension,1
VARC,VARC-RC2,1,mcsc,markdown,"**Read the following passage carefully and answer the question that follows.**

Reformers who export institutions tend to work from a plausible premise: if a commercial code, a bankruptcy statute or a securities regulator produced prosperity in one place, the same text should help elsewhere. The record is not encouraging. Codes copied faithfully have been ignored, applied selectively, or absorbed into arrangements their drafters never imagined. The usual explanation is cultural: rules that suit one society's habits will not suit another's. That explanation is loose enough to accommodate any outcome, which is a reason to distrust it rather than a reason to accept it.

A tighter account starts from what a rule is for. A rule does useful work only when parties can predict how others, including officials, will respond to its breach. That prediction rests on a stock of shared expectation built up through repeated enforcement, and such a stock cannot be imported, because it is not contained in the text. A transplanted rule therefore arrives without the very thing that made it effective at home. Whether it acquires one depends less on the fit between the rule and local values than on whether somebody with something to lose finds it worth invoking, repeatedly, before officials who face some cost for ignoring it.

This reframing has consequences. It predicts that transplants will take hold in narrow commercial domains, where a few well resourced parties litigate often, before they take hold in areas of diffuse benefit, where no single stake is large enough to sustain the litigation that generates expectation. It also predicts that the most durable transplants may be the least faithful: rules bent to serve interests that already existed get enforced, while pristine copies gather dust. Reformers who measure success by fidelity to the model will therefore misread their own results, treating as failure the drift that is the mechanism of adoption.

None of this restores the reformers' optimism; it relocates the difficulty. The obstacle is not that societies are incompatible with foreign rules, but that the asset which makes rules work is produced slowly, locally, and only as a by-product of use. Where no one uses a rule, no argument about its merits will make it operative.

**Which of the following comes closest to the claim the passage is defending?**",,200,,,,3,,Reform programmes that export commercial codes to other jurisdictions should be discontinued as a matter of policy.,Bankruptcy statutes and securities regulation are the two bodies of law least suited to transfer across borders.,"Transplants stall less from cultural mismatch than from missing shared expectation, which only local use builds.",Legal transplants take root only in those societies that already share the values held by the exporting country.,,,VARC/reading-comprehension,0.5
VARC,VARC-RC2,2,mcsc,markdown,"**Read the following passage carefully and answer the question that follows.**

Reformers who export institutions tend to work from a plausible premise: if a commercial code, a bankruptcy statute or a securities regulator produced prosperity in one place, the same text should help elsewhere. The record is not encouraging. Codes copied faithfully have been ignored, applied selectively, or absorbed into arrangements their drafters never imagined. The usual explanation is cultural: rules that suit one society's habits will not suit another's. That explanation is loose enough to accommodate any outcome, which is a reason to distrust it rather than a reason to accept it.

A tighter account starts from what a rule is for. A rule does useful work only when parties can predict how others, including officials, will respond to its breach. That prediction rests on a stock of shared expectation built up through repeated enforcement, and such a stock cannot be imported, because it is not contained in the text. A transplanted rule therefore arrives without the very thing that made it effective at home. Whether it acquires one depends less on the fit between the rule and local values than on whether somebody with something to lose finds it worth invoking, repeatedly, before officials who face some cost for ignoring it.

This reframing has consequences. It predicts that transplants will take hold in narrow commercial domains, where a few well resourced parties litigate often, before they take hold in areas of diffuse benefit, where no single stake is large enough to sustain the litigation that generates expectation. It also predicts that the most durable transplants may be the least faithful: rules bent to serve interests that already existed get enforced, while pristine copies gather dust. Reformers who measure success by fidelity to the model will therefore misread their own results, treating as failure the drift that is the mechanism of adoption.

None of this restores the reformers' optimism; it relocates the difficulty. The obstacle is not that societies are incompatible with foreign rules, but that the asset which makes rules work is produced slowly, locally, and only as a by-product of use. Where no one uses a rule, no argument about its merits will make it operative.

**The author's principal objection to the cultural explanation is that it:**",,200,,,,3,,draws its evidence almost entirely from transplants that are already known to have failed,confuses the substance of a rule with the circumstances under which it was drafted,"can be reconciled with any observed result, and so accounts for nothing in particular",understates the extent to which commercial habits differ from one society to another,,,VARC/reading-comprehension,0.5
VARC,VARC-RC2,3,mcsc,markdown,"**Read the following passage carefully and answer the question that follows.**

Reformers who export institutions tend to work from a plausible premise: if a commercial code, a bankruptcy statute or a securities regulator produced prosperity in one place, the same text should help elsewhere. The record is not encouraging. Codes copied faithfully have been ignored, applied selectively, or absorbed into arrangements their drafters never imagined. The usual explanation is cultural: rules that suit one society's habits will not suit another's. That explanation is loose enough to accommodate any outcome, which is a reason to distrust it rather than a reason to accept it.

A tighter account starts from what a rule is for. A rule does useful work only when parties can predict how others, including officials, will respond to its breach. That prediction rests on a stock of shared expectation built up through repeated enforcement, and such a stock cannot be imported, because it is not contained in the text. A transplanted rule therefore arrives without the very thing that made it effective at home. Whether it acquires one depends less on the fit between the rule and local values than on whether somebody with something to lose finds it worth invoking, repeatedly, before officials who face some cost for ignoring it.

This reframing has consequences. It predicts that transplants will take hold in narrow commercial domains, where a few well resourced parties litigate often, before they take hold in areas of diffuse benefit, where no single stake is large enough to sustain the litigation that generates expectation. It also predicts that the most durable transplants may be the least faithful: rules bent to serve interests that already existed get enforced, while pristine copies gather dust. Reformers who measure success by fidelity to the model will therefore misread their own results, treating as failure the drift that is the mechanism of adoption.

None of this restores the reformers' optimism; it relocates the difficulty. The obstacle is not that societies are incompatible with foreign rules, but that the asset which makes rules work is produced slowly, locally, and only as a by-product of use. Where no one uses a rule, no argument about its merits will make it operative.

**On the author's account, a transplanted consumer protection rule would be expected to become operative more slowly than a transplanted secured-lending rule mainly because:**",,265,,,,3,,consumer protection sits in sharper conflict with the commercial customs prevailing locally,consumers as a group tend to be much less aware of the legal remedies formally available to them,the benefit from enforcing it is spread too thinly for repeated litigation to be worthwhile,rules governing secured lending are drafted more simply and are easier for officials to apply,,,VARC/reading-comprehension,1
VARC,VARC-RC2,4,mcsc,markdown,"**Read the following passage carefully and answer the question that follows.**

Reformers who export institutions tend to work from a plausible premise: if a commercial code, a bankruptcy statute or a securities regulator produced prosperity in one place, the same text should help elsewhere. The record is not encouraging. Codes copied faithfully have been ignored, applied selectively, or absorbed into arrangements their drafters never imagined. The usual explanation is cultural: rules that suit one society's habits will not suit another's. That explanation is loose enough to accommodate any outcome, which is a reason to distrust it rather than a reason to accept it.

A tighter account starts from what a rule is for. A rule does useful work only when parties can predict how others, including officials, will respond to its breach. That prediction rests on a stock of shared expectation built up through repeated enforcement, and such a stock cannot be imported, because it is not contained in the text. A transplanted rule therefore arrives without the very thing that made it effective at home. Whether it acquires one depends less on the fit between the rule and local values than on whether somebody with something to lose finds it worth invoking, repeatedly, before officials who face some cost for ignoring it.

This reframing has consequences. It predicts that transplants will take hold in narrow commercial domains, where a few well resourced parties litigate often, before they take hold in areas of diffuse benefit, where no single stake is large enough to sustain the litigation that generates expectation. It also predicts that the most durable transplants may be the least faithful: rules bent to serve interests that already existed get enforced, while pristine copies gather dust. Reformers who measure success by fidelity to the model will therefore misread their own results, treating as failure the drift that is the mechanism of adoption.

None of this restores the reformers' optimism; it relocates the difficulty. The obstacle is not that societies are incompatible with foreign rules, but that the asset which makes rules work is produced slowly, locally, and only as a by-product of use. Where no one uses a rule, no argument about its merits will make it operative.

**The author would agree with all of the following EXCEPT:**",,265,,,,3,,Departures from the imported text can form part of the very process by which a rule is adopted.,How a rule works depends on what parties predict officials will do when the rule is breached.,"Where local values are hostile to an imported rule, enforcement cannot make it effective.",Transplants settle sooner in those fields where a small number of parties go to court frequently.,,,VARC/reading-comprehension,1
VARC,VARC-ODD-1,1,mcsc,markdown,"Five sentences are given below, labelled 1 to 5. Four of them can be arranged to form a coherent paragraph. Identify the sentence that does not belong.

(1) Every map begins with an act of omission, since a representation that kept all the detail of a place would be as unusable as the place itself.
(2) The cartographer must therefore decide in advance which features a reader will need and which can be silently discarded.
(3) Recent surveys report that most commuters now consult digital route planners rather than printed atlases.
(4) Those early decisions harden over time into conventions, and later users mistake the conventions for properties of the world.
(5) What looks like a neutral record of terrain is thus the residue of a long series of judgements about relevance.

**Which sentence is the odd one out?**",,205,,,,3,,1,2,3,4,5,,VARC/odd-one-out,0.5
VARC,VARC-ODD-2,1,mcsc,markdown,"Five sentences are given below, labelled 1 to 5. Four of them can be arranged to form a coherent paragraph. Identify the sentence that does not belong.

(1) Experts seldom deliberate over the moves that most impress onlookers; they recognise a familiar pattern and act before reasons are available to them.
(2) Such fluency is bought by long exposure to situations that return prompt and unambiguous feedback.
(3) Where the feedback is delayed or noisy, however, long experience yields confidence without yielding accuracy.
(4) Novices, by contrast, report that they enjoy the earliest stages of learning a craft far more than the later ones.
(5) Intuition therefore deserves trust only after one has asked what the environment has actually been teaching.

**Which sentence is the odd one out?**",,210,,,,2,,3,4,5,1,2,,VARC/odd-one-out,0.5
VARC,VARC-ODD-3,1,mcsc,markdown,"Five sentences are given below, labelled 1 to 5. Four of them can be arranged to form a coherent paragraph. Identify the sentence that does not belong.

(1) A quantity chosen to stand for a goal starts to be pursued for its own sake as soon as rewards are attached to it.
(2) Staff learn quickly which parts of their work are counted, and effort drains away from everything that is not.
(3) The published figures then improve while the purpose they were meant to serve quietly deteriorates.
(4) Organisations often adopt measurement schemes less to inform their own decisions than to demonstrate propriety to outside audiences.
(5) Auditors, reading only the figures, record success and recommend that the scheme be extended to further departments.

**Which sentence is the odd one out?**",,240,,,,1,,4,5,2,3,1,,VARC/odd-one-out,1
VARC,VARC-ODD-4,1,mcsc,markdown,"Five sentences are given below, labelled 1 to 5. Four of them can be arranged to form a coherent paragraph. Identify the sentence that does not belong.

(1) No translator can carry every feature of a sentence across, so the work consists largely in deciding what to give up.
(2) Readers tend to praise the translations that read most smoothly and to distrust those that preserve the strangeness of the original.
(3) A pun that depends on sound may be replaced by one that depends on sense, on the ground that the joke matters more than its mechanism.
(4) Rhythm surrendered in one line is sometimes repaid in another, the debt being settled across the page rather than within it.
(5) Every such compensation is an argument about which layer of the original counts as the text itself.

**Which sentence is the odd one out?**",,245,,,,4,,1,4,5,2,3,,VARC/odd-one-out,1
VARC,VARC-JUMBLE-1,1,mcsc,markdown,"The four sentences below, labelled 1 to 4, are not in order. Arrange them into a logical paragraph.

(1) That demand is what makes boredom productive, since it pushes the mind to supply what the surroundings withhold.
(2) Boredom is usually described as an absence, the gap left when nothing outside us claims our attention.
(3) But the state has a content of its own, a restless demand that the world become more interesting than it is.
(4) Children left with nothing to do therefore stay idle only briefly, building a game out of whatever lies nearest.

**Which of the following is the correct order of the sentences?**",,195,,,,2,,2341,2314,3241,2134,,,VARC/para-jumble,0.5
VARC,VARC-JUMBLE-2,1,mcsc,markdown,"The four sentences below, labelled 1 to 4, are not in order. Arrange them into a logical paragraph.

(1) Once the date is fixed, the remaining hours acquire a rank, and the work is fitted to those that are left.
(2) This is why arbitrary dates can serve as well as reasoned ones, provided they are actually believed.
(3) A deadline works less by adding motivation than by removing alternatives.
(4) Until a date is fixed, every hour is a candidate for the task and no hour is obliged to be.

**Which of the following is the correct order of the sentences?**",,195,,,,3,,3421,3142,3412,4312,,,VARC/para-jumble,0.5
VARC,VARC-JUMBLE-3,1,mcsc,markdown,"The four sentences below, labelled 1 to 4, are not in order. Arrange them into a logical paragraph.

(1) The only reliable lever, then, is conduct that gives those custodians something else to carry.
(2) Its custodians are third parties, who pass it on for reasons of their own and revise it without notice.
(3) Reputation is information about us that we do not own and cannot directly edit.
(4) This dependence explains why attempts at correction so often deepen the damage, for a correction is itself testimony and it travels.

**Which of the following is the correct order of the sentences?**",,235,,,,3,,3421,2431,3241,2341,,,VARC/para-jumble,1
VARC,VARC-JUMBLE-4,1,mcsc,markdown,"The four sentences below, labelled 1 to 4, are not in order. Arrange them into a logical paragraph.

(1) A first reading of anything difficult is mostly navigation, since we are still learning where the parts are.
(2) Readers who skip it are not saving time; they are trading comprehension for the feeling of having finished.
(3) For this reason a second reading is not a repetition but a different task, undertaken with the map the first reading drew.
(4) Only once the shape is known can attention be spent on the joints, which is where arguments usually fail.

**Which of the following is the correct order of the sentences?**",,240,,,,3,,4132,1342,1432,1423,,,VARC/para-jumble,1
VARC,VARC-JUMBLE-5,1,mcsc,markdown,"The four sentences below, labelled 1 to 4, are not in order. Arrange them into a logical paragraph.

(1) The reason travels less well than the exception, since the reason was particular and the exception is not.
(2) What began as mercy is then read as entitlement, and the rule survives only as a memory.
(3) Administrators who grasp this record their reasons loudly, hoping the record will do the limiting work the rule no longer can.
(4) Every exception granted for a good reason becomes a fact that later applicants are free to cite.

**Which of the following is the correct order of the sentences?**",,245,,,,4,,4213,1423,4132,4123,,,VARC/para-jumble,1
VARC,VARC-SUMMARY-1,1,mcsc,markdown,"**Read the paragraph given below and answer the question that follows.**

Infrastructure is noticed chiefly when it fails. A water main, a switching station, a clearing house: each is built to disappear into the routines it supports, and its success is measured by how little thought it demands. The consequence is political rather than technical. Systems nobody thinks about attract neither scrutiny nor investment, and their upkeep competes badly with projects that can be photographed. Failure then arrives as a surprise, and the surprise is used to argue that nobody could have foreseen it.

**Which option best summarises the paragraph?**",,235,,,,4,,"Public money should be redirected from photogenic new construction towards the unglamorous upkeep of water mains, switching stations and clearing houses.","Infrastructure fails because engineers deliberately design systems to disappear, and systems that are invisible are inherently more fragile than visible ones.","Since infrastructure failures are always surprises, the political value of such systems lies in the attention that their breakdowns finally bring to them.","Designed to go unnoticed, working infrastructure draws little scrutiny or funding, so its breakdowns look unforeseeable when they were merely unattended.",,,VARC/summary,0.5
VARC,VARC-SUMMARY-2,1,mcsc,markdown,"**Read the paragraph given below and answer the question that follows.**

Averaging many independent guesses often beats the best single guess, because errors pointing in opposite directions cancel. The condition doing the work is independence. Once the guessers can hear one another, their errors begin to align, and the average inherits a bias instead of shedding one. Committees that deliberate before voting therefore give up much of the advantage voting was supposed to secure, and the confidence produced by agreement rises just as the accuracy it is taken to signal falls.

**Which option best summarises the paragraph?**",,240,,,,3,,"Confidence is a poor guide to accuracy, since agreement inside a group can show only that its members have all been exposed to the same limited information.","Groups outperform their ablest members because pooling opinions cancels error, which is why committees ought always to vote instead of trusting one expert.","Aggregation improves accuracy only while guesses stay independent; discussion correlates errors, so deliberating groups gain confidence and lose accuracy.",Deliberation harms committees chiefly because the members who happen to speak first impose their own private biases on all of those who speak later.,,,VARC/summary,0.5
VARC,VARC-SUMMARY-3,1,mcsc,markdown,"**Read the paragraph given below and answer the question that follows.**

Options are usually treated as free, on the view that holding one costs nothing until it is exercised. In practice every open possibility levies a quiet charge: some attention reserved, some commitment withheld, some relationship kept provisional. Because the charge is never invoiced, options accumulate well past the point where their combined upkeep exceeds anything they could deliver. The person who cannot choose is not made richer by the alternatives; the alternatives are consuming the very capacity that choosing would have released.

**Which option best summarises the paragraph?**",,235,,,,1,,"Open possibilities exact hidden upkeep in attention and commitment, so options collected beyond a point cost more than they could ever deliver.","Because an option costs nothing at all until it is exercised, a rational person should hold as many as possible and delay commitment for as long as possible.","Indecisive people are poorer than decisive ones, because real wealth consists in commitments actually made rather than in alternatives that remain available.","The chief trouble with unexercised options is that their true price is never invoiced, which makes any accounting of their value unreliable in practice.",,,VARC/summary,0.5
VARC,VARC-SUMMARY-4,1,mcsc,markdown,"**Read the paragraph given below and answer the question that follows.**

Forecasts about human affairs are not merely difficult; they are ingredients. A published prediction of shortage produces hoarding, and a published prediction of stability invites the risk-taking that ends it. This does not make forecasting useless, but it changes what accuracy could mean, since a forecast can be judged only against the world it helped to make, and a forecast that is widely ignored may be the only one ever fairly tested. Practitioners who forget this treat their failures as errors of measurement and answer them by refining instruments that were never the problem.

**Which option best summarises the paragraph?**",,255,,,,2,,"Predictions about human affairs are self-fulfilling, so forecasters should publish nothing until their instruments are accurate enough to withstand contact with the public.","Predictions about human affairs alter the conditions they describe, so accuracy can be judged only against an already altered world, and better instruments cannot help.","Social forecasts change the behaviour they describe, which is why only those forecasts that nobody happens to notice can ever be tested fairly against events.","Failures of social forecasting come from measurement error, and sharper instruments will in time let practitioners predict hoarding and risk-taking reliably enough.",,,VARC/summary,1
VARC,VARC-SUMMARY-5,1,mcsc,markdown,"**Read the paragraph given below and answer the question that follows.**

A standard is valuable in proportion to how many people already use it, so its merits and its market share are hard to tell apart. Once adoption passes a threshold, the standard is defended by everything built on top of it, and a technically superior rival must compensate not for a small gap in quality but for the whole accumulated weight of compatibility. Arguments about which standard is better therefore arrive too late to matter, and the winner's supporters read its survival as evidence that the argument was settled on the merits.

**Which option best summarises the paragraph?**",,255,,,,2,,"Technically superior standards displace entrenched ones eventually, provided their supporters can show that the original choice was never really settled on the merits.","A standard's worth grows with its user base, so entrenched standards defeat better rivals through compatibility, and survival is then misread as proof of merit.","Because compatibility counts for more than quality, users should simply adopt whichever standard is most widely used instead of assessing competing designs themselves.","A standard's dominance owes far more to the number of people using it than to its quality, so late arguments about technical merit rarely change which one prevails.",,,VARC/summary,1
VARC,VARC-SUMMARY-6,1,mcsc,markdown,"**Read the paragraph given below and answer the question that follows.**

An archive looks like a residue of the past, but it is a residue of past decisions about what would be worth keeping. Records survive because someone was obliged to file them, and the obligations fell unevenly, heavily on property and litigation and hardly at all on ordinary agreement. Historians who read the surviving mass as a sample of what happened therefore reconstruct a world of disputes and transactions and miss the settled life around them. The remedy is not more documents but a habit of asking, of every silence, whether it records an absence or only an exemption from paperwork.

**Which option best summarises the paragraph?**",,260,,,,4,,"Because filing obligations bore most heavily on property and litigation, surviving archives over-represent disputes and transactions at the expense of ordinary agreement.","Every silence in an archive records a genuine absence, which is why the past appears to consist mainly of litigation, transactions and disputes rather than agreement.","Historians ought to seek out further documents about settled everyday life, since the archives that do survive were shaped by the interests of owners and courts.","Archives keep whatever filing duties happened to capture, so reading them as a fair sample distorts the past unless each silence is itself interrogated.",,,VARC/summary,1
DILR,DILR-1,1,mcsc,markdown,"**Read the information given below and answer the question that follows.**

Five inspectors (Lena, Marco, Nadia, Omar and Priya) each audited exactly one of five sites (Alpha, Birch, Cedar, Dune and Elm) during a single working week. Every inspector worked on a different weekday from Monday to Friday, and no site was visited twice. Each audit received a distinct compliance score from the list 12, 15, 18, 21 and 24.

- Lena's audit took place before Marco's, and Marco's took place before Omar's.
- Cedar was audited on Wednesday.
- Nadia audited Alpha, on the day immediately after Priya's audit.
- Elm was audited earlier in the week than Birch, and Dune was audited on Friday.
- Lena did not audit Cedar.
- The Elm audit scored 18, and Marco's score was exactly 9 more than Nadia's.
- Priya's score was lower than both Nadia's score and Omar's score.

**Which inspector audited Birch?**",,340,,,,4,,Priya,Nadia,Lena,Marco,,,DILR/logic-tournament,1
DILR,DILR-1,2,mcsc,markdown,"**Read the information given below and answer the question that follows.**

Five inspectors (Lena, Marco, Nadia, Omar and Priya) each audited exactly one of five sites (Alpha, Birch, Cedar, Dune and Elm) during a single working week. Every inspector worked on a different weekday from Monday to Friday, and no site was visited twice. Each audit received a distinct compliance score from the list 12, 15, 18, 21 and 24.

- Lena's audit took place before Marco's, and Marco's took place before Omar's.
- Cedar was audited on Wednesday.
- Nadia audited Alpha, on the day immediately after Priya's audit.
- Elm was audited earlier in the week than Birch, and Dune was audited on Friday.
- Lena did not audit Cedar.
- The Elm audit scored 18, and Marco's score was exactly 9 more than Nadia's.
- Priya's score was lower than both Nadia's score and Omar's score.

**What is the combined compliance score of the Monday audit and the Friday audit?**",,320,,,,4,,42,33,30,39,,,DILR/logic-tournament,1
DILR,DILR-1,3,mcsc,markdown,"**Read the information given below and answer the question that follows.**

Five inspectors (Lena, Marco, Nadia, Omar and Priya) each audited exactly one of five sites (Alpha, Birch, Cedar, Dune and Elm) during a single working week. Every inspector worked on a different weekday from Monday to Friday, and no site was visited twice. Each audit received a distinct compliance score from the list 12, 15, 18, 21 and 24.

- Lena's audit took place before Marco's, and Marco's took place before Omar's.
- Cedar was audited on Wednesday.
- Nadia audited Alpha, on the day immediately after Priya's audit.
- Elm was audited earlier in the week than Birch, and Dune was audited on Friday.
- Lena did not audit Cedar.
- The Elm audit scored 18, and Marco's score was exactly 9 more than Nadia's.
- Priya's score was lower than both Nadia's score and Omar's score.

**Which of the following statements is true?**",,300,,,,1,,Priya recorded the lowest of the five scores and worked on Wednesday.,Lena audited Elm and scored higher than Marco did on the same week.,"Omar recorded the highest of the five scores, and he worked on Friday.",Nadia audited Alpha on the day immediately before Cedar was audited.,,,DILR/logic-tournament,1
DILR,DILR-1,4,mcsc,markdown,"**Read the information given below and answer the question that follows.**

Five inspectors (Lena, Marco, Nadia, Omar and Priya) each audited exactly one of five sites (Alpha, Birch, Cedar, Dune and Elm) during a single working week. Every inspector worked on a different weekday from Monday to Friday, and no site was visited twice. Each audit received a distinct compliance score from the list 12, 15, 18, 21 and 24.

- Lena's audit took place before Marco's, and Marco's took place before Omar's.
- Cedar was audited on Wednesday.
- Nadia audited Alpha, on the day immediately after Priya's audit.
- Elm was audited earlier in the week than Birch, and Dune was audited on Friday.
- Lena did not audit Cedar.
- The Elm audit scored 18, and Marco's score was exactly 9 more than Nadia's.
- Priya's score was lower than both Nadia's score and Omar's score.

**Suppose the information that Dune was audited on Friday is replaced by the information that Dune was audited on Thursday, with every other statement unchanged. Which site is then audited on Friday?**",,380,,,,4,,Cedar,Birch,Dune,Alpha,,,DILR/logic-tournament,1
DILR,DILR-2,1,mcsc,markdown,"**Read the information given below and answer the question that follows.**

Six crates labelled K, L, M, N, O and R are stacked one above another in a single tower. Position 1 is the bottom of the tower and position 6 is the top, and each position holds exactly one crate.

- Crate M rests immediately above crate K.
- Exactly two crates lie between L and M.
- R is neither at the bottom nor at the top of the tower.
- O is somewhere above L.
- Exactly one crate lies between N and R.

**Which crate is at the bottom of the tower?**",,250,,,,3,,K,L,N,R,,,DILR/logic-quiz-scores,0.5
DILR,DILR-2,2,mcsc,markdown,"**Read the information given below and answer the question that follows.**

Six crates labelled K, L, M, N, O and R are stacked one above another in a single tower. Position 1 is the bottom of the tower and position 6 is the top, and each position holds exactly one crate.

- Crate M rests immediately above crate K.
- Exactly two crates lie between L and M.
- R is neither at the bottom nor at the top of the tower.
- O is somewhere above L.
- Exactly one crate lies between N and R.

**How many crates rest above R?**",,260,,,,1,,3,4,2,1,,,DILR/logic-quiz-scores,0.5
DILR,DILR-2,3,mcsc,markdown,"**Read the information given below and answer the question that follows.**

Six crates labelled K, L, M, N, O and R are stacked one above another in a single tower. Position 1 is the bottom of the tower and position 6 is the top, and each position holds exactly one crate.

- Crate M rests immediately above crate K.
- Exactly two crates lie between L and M.
- R is neither at the bottom nor at the top of the tower.
- O is somewhere above L.
- Exactly one crate lies between N and R.

**If the condition that O is somewhere above L is dropped and all the other conditions still hold, how many different stacking orders are possible?**",,330,,,,2,,3,4,2,5,,,DILR/logic-quiz-scores,1
DILR,DILR-3,1,mcsc,markdown,"**Study the data given below and answer the question that follows.**

An audit of four solar module assemblers covers three panel grades, G1, G2 and G3. Table 1 gives the number of modules installed and Table 2 gives the share of those modules found defective in the audit.

Table 1: Modules installed (in hundreds)

| Firm | G1 | G2 | G3 |
|---|--:|--:|--:|
| Arkin | 24 | 36 | 20 |
| Bhima | 30 | 18 | 42 |
| Cygna | 45 | 25 | 15 |
| Dhruv | 16 | 40 | 34 |

Table 2: Defective modules as a percentage of modules installed

| Firm | G1 | G2 | G3 |
|---|--:|--:|--:|
| Arkin | 2 | 5 | 4 |
| Bhima | 6 | 3 | 2 |
| Cygna | 4 | 2 | 8 |
| Dhruv | 5 | 4 | 3 |

**In grade G3, how many more defective modules did Cygna and Dhruv together have than Arkin and Bhima together?**",,330,,,,3,,46,64,58,38,,,DILR/di-table,1
DILR,DILR-3,2,mcsc,markdown,"**Study the data given below and answer the question that follows.**

An audit of four solar module assemblers covers three panel grades, G1, G2 and G3. Table 1 gives the number of modules installed and Table 2 gives the share of those modules found defective in the audit.

Table 1: Modules installed (in hundreds)

| Firm | G1 | G2 | G3 |
|---|--:|--:|--:|
| Arkin | 24 | 36 | 20 |
| Bhima | 30 | 18 | 42 |
| Cygna | 45 | 25 | 15 |
| Dhruv | 16 | 40 | 34 |

Table 2: Defective modules as a percentage of modules installed

| Firm | G1 | G2 | G3 |
|---|--:|--:|--:|
| Arkin | 2 | 5 | 4 |
| Bhima | 6 | 3 | 2 |
| Cygna | 4 | 2 | 8 |
| Dhruv | 5 | 4 | 3 |

**Taking all four firms and all three grades together, defective modules form approximately what percentage of all modules installed?**",,380,,,,1,,3.82%,3.90%,4.05%,3.68%,,,DILR/di-table,1
DILR,DILR-3,3,mcsc,markdown,"**Study the data given below and answer the question that follows.**

An audit of four solar module assemblers covers three panel grades, G1, G2 and G3. Table 1 gives the number of modules installed and Table 2 gives the share of those modules found defective in the audit.

Table 1: Modules installed (in hundreds)

| Firm | G1 | G2 | G3 |
|---|--:|--:|--:|
| Arkin | 24 | 36 | 20 |
| Bhima | 30 | 18 | 42 |
| Cygna | 45 | 25 | 15 |
| Dhruv | 16 | 40 | 34 |

Table 2: Defective modules as a percentage of modules installed

| Firm | G1 | G2 | G3 |
|---|--:|--:|--:|
| Arkin | 2 | 5 | 4 |
| Bhima | 6 | 3 | 2 |
| Cygna | 4 | 2 | 8 |
| Dhruv | 5 | 4 | 3 |

**Which firm has the lowest defect rate across its entire installed base?**",,350,,,,2,,Dhruv,Bhima,Cygna,Arkin,,,DILR/di-table,1
DILR,DILR-3,4,mcsc,markdown,"**Study the data given below and answer the question that follows.**

An audit of four solar module assemblers covers three panel grades, G1, G2 and G3. Table 1 gives the number of modules installed and Table 2 gives the share of those modules found defective in the audit.

Table 1: Modules installed (in hundreds)

| Firm | G1 | G2 | G3 |
|---|--:|--:|--:|
| Arkin | 24 | 36 | 20 |
| Bhima | 30 | 18 | 42 |
| Cygna | 45 | 25 | 15 |
| Dhruv | 16 | 40 | 34 |

Table 2: Defective modules as a percentage of modules installed

| Firm | G1 | G2 | G3 |
|---|--:|--:|--:|
| Arkin | 2 | 5 | 4 |
| Bhima | 6 | 3 | 2 |
| Cygna | 4 | 2 | 8 |
| Dhruv | 5 | 4 | 3 |

**By how many modules does the firm with the largest number of defective modules exceed the firm with the smallest?**",,300,,,,2,,24,42,34,56,,,DILR/di-table,1
DILR,DILR-4,1,mcsc,markdown,"**Read the information given below and answer the question that follows.**

A depot dispatched exactly 48 crates of packaged tea to four towns, Alwar, Betul, Chirala and Dhanbad, on a single morning. The crates for each town went on that town's own truck, and the four trucks left the depot one after another, first to fourth.

- Each town received a distinct number of crates, and every one of those numbers was a multiple of 4 lying between 4 and 24, both inclusive.
- Chirala received more crates than Alwar.
- The town whose truck left first received exactly twice as many crates as the town whose truck left fourth.
- Dhanbad's truck left immediately after Betul's truck.
- Alwar's truck did not leave first, and Alwar received fewer crates than Betul.
- The town whose truck left third received exactly 12 crates.
- Chirala's truck left before Betul's truck.

**How many crates did Chirala receive?**",,330,,,,4,,12 crates,24 crates,4 crates,8 crates,,,DILR/logic-constraints,0.5
DILR,DILR-4,2,mcsc,markdown,"**Read the information given below and answer the question that follows.**

A depot dispatched exactly 48 crates of packaged tea to four towns, Alwar, Betul, Chirala and Dhanbad, on a single morning. The crates for each town went on that town's own truck, and the four trucks left the depot one after another, first to fourth.

- Each town received a distinct number of crates, and every one of those numbers was a multiple of 4 lying between 4 and 24, both inclusive.
- Chirala received more crates than Alwar.
- The town whose truck left first received exactly twice as many crates as the town whose truck left fourth.
- Dhanbad's truck left immediately after Betul's truck.
- Alwar's truck did not leave first, and Alwar received fewer crates than Betul.
- The town whose truck left third received exactly 12 crates.
- Chirala's truck left before Betul's truck.

**Which town's truck left second, and how many crates did that town receive?**",,300,,,,2,,"Chirala, with 8 crates","Betul, with 24 crates","Alwar, with 20 crates","Dhanbad, with 12 crates",,,DILR/logic-constraints,1
DILR,DILR-4,3,mcsc,markdown,"**Read the information given below and answer the question that follows.**

A depot dispatched exactly 48 crates of packaged tea to four towns, Alwar, Betul, Chirala and Dhanbad, on a single morning. The crates for each town went on that town's own truck, and the four trucks left the depot one after another, first to fourth.

- Each town received a distinct number of crates, and every one of those numbers was a multiple of 4 lying between 4 and 24, both inclusive.
- Chirala received more crates than Alwar.
- The town whose truck left first received exactly twice as many crates as the town whose truck left fourth.
- Dhanbad's truck left immediately after Betul's truck.
- Alwar's truck did not leave first, and Alwar received fewer crates than Betul.
- The town whose truck left third received exactly 12 crates.
- Chirala's truck left before Betul's truck.

**If the clue that the third truck's town received exactly 12 crates is withdrawn and all the other clues still hold, how many complete arrangements of dispatch order and crate counts are possible?**",,390,,,,1,,7 arrangements,6 arrangements,9 arrangements,5 arrangements,,,DILR/logic-constraints,1
DILR,DILR-4,4,mcsc,markdown,"**Read the information given below and answer the question that follows.**

A depot dispatched exactly 48 crates of packaged tea to four towns, Alwar, Betul, Chirala and Dhanbad, on a single morning. The crates for each town went on that town's own truck, and the four trucks left the depot one after another, first to fourth.

- Each town received a distinct number of crates, and every one of those numbers was a multiple of 4 lying between 4 and 24, both inclusive.
- Chirala received more crates than Alwar.
- The town whose truck left first received exactly twice as many crates as the town whose truck left fourth.
- Dhanbad's truck left immediately after Betul's truck.
- Alwar's truck did not leave first, and Alwar received fewer crates than Betul.
- The town whose truck left third received exactly 12 crates.
- Chirala's truck left before Betul's truck.

**Suppose the first truck's town received three times, rather than twice, as many crates as the fourth truck's town, every other clue remaining as stated. How many crates would Dhanbad then receive?**",,360,,,,1,,8 crates,24 crates,4 crates,12 crates,,,DILR/logic-constraints,1
DILR,DILR-5,1,mcsc,markdown,"**Read the information given below and answer the question that follows.**

A training coordinator must schedule exactly four of seven half-day workshops, namely Auditing, Branding, Coding, Design, Ethics, Finance and Grammar, for the coming quarter.

- Coding is scheduled only if Design is also scheduled.
- Branding and Ethics are run by the same trainer, so they cannot both be scheduled.
- Auditing and Finance need the same laboratory, so they cannot both be scheduled.
- Grammar is scheduled if and only if Auditing is scheduled.
- If Design is scheduled, then Branding is not scheduled.

**How many different groups of four workshops can the coordinator schedule?**",,290,,,,1,,3 groups,4 groups,5 groups,2 groups,,,DILR/logic-investment,0.5
DILR,DILR-5,2,mcsc,markdown,"**Read the information given below and answer the question that follows.**

A training coordinator must schedule exactly four of seven half-day workshops, namely Auditing, Branding, Coding, Design, Ethics, Finance and Grammar, for the coming quarter.

- Coding is scheduled only if Design is also scheduled.
- Branding and Ethics are run by the same trainer, so they cannot both be scheduled.
- Auditing and Finance need the same laboratory, so they cannot both be scheduled.
- Grammar is scheduled if and only if Auditing is scheduled.
- If Design is scheduled, then Branding is not scheduled.

**Which workshop cannot appear in any acceptable group of four?**",,300,,,,2,,Grammar,Branding,Auditing,Coding,,,DILR/logic-investment,0.5
DILR,DILR-5,3,mcsc,markdown,"**Read the information given below and answer the question that follows.**

A training coordinator must schedule exactly four of seven half-day workshops, namely Auditing, Branding, Coding, Design, Ethics, Finance and Grammar, for the coming quarter.

- Coding is scheduled only if Design is also scheduled.
- Branding and Ethics are run by the same trainer, so they cannot both be scheduled.
- Auditing and Finance need the same laboratory, so they cannot both be scheduled.
- Grammar is scheduled if and only if Auditing is scheduled.
- If Design is scheduled, then Branding is not scheduled.

**If Finance is scheduled, which workshops make up the rest of the group?**",,340,,,,4,,"Coding, Design and Grammar","Auditing, Design and Grammar","Design, Ethics and Grammar","Coding, Design and Ethics",,,DILR/logic-investment,1
DILR,DILR-6,1,mcsc,markdown,"**Study the data given below and answer the question that follows.**

An industrial electronics maker reports units shipped and the average price realised per unit for its three product lines over three years. Revenue for a line equals units shipped multiplied by average price.

![chart](https://s13n-curr-images-bucket.s3.ap-south-1.amazonaws.com/imat/2026-07-23/DILR-6_0.png)

![chart](https://s13n-curr-images-bucket.s3.ap-south-1.amazonaws.com/imat/2026-07-23/DILR-6_1.png)

**What was the total revenue of the three lines together in 2024, in Rs lakh?**",,300,,,,2,,2612,2537,2350,2465,,,DILR/di-graph,1
DILR,DILR-6,2,mcsc,markdown,"**Study the data given below and answer the question that follows.**

An industrial electronics maker reports units shipped and the average price realised per unit for its three product lines over three years. Revenue for a line equals units shipped multiplied by average price.

![chart](https://s13n-curr-images-bucket.s3.ap-south-1.amazonaws.com/imat/2026-07-23/DILR-6_0.png)

![chart](https://s13n-curr-images-bucket.s3.ap-south-1.amazonaws.com/imat/2026-07-23/DILR-6_1.png)

**The line with the highest percentage growth in revenue from 2022 to 2024 grew by approximately what percentage?**",,380,,,,3,,92%,60%,82%,71%,,,DILR/di-graph,1
DILR,DILR-6,3,mcsc,markdown,"**Study the data given below and answer the question that follows.**

An industrial electronics maker reports units shipped and the average price realised per unit for its three product lines over three years. Revenue for a line equals units shipped multiplied by average price.

![chart](https://s13n-curr-images-bucket.s3.ap-south-1.amazonaws.com/imat/2026-07-23/DILR-6_0.png)

![chart](https://s13n-curr-images-bucket.s3.ap-south-1.amazonaws.com/imat/2026-07-23/DILR-6_1.png)

**In 2023, what was the average price per unit realised across all units shipped, in Rs?**",,360,,,,1,,2280,2124,2217,2350,,,DILR/di-graph,1
DILR,DILR-6,4,mcsc,markdown,"**Study the data given below and answer the question that follows.**

An industrial electronics maker reports units shipped and the average price realised per unit for its three product lines over three years. Revenue for a line equals units shipped multiplied by average price.

![chart](https://s13n-curr-images-bucket.s3.ap-south-1.amazonaws.com/imat/2026-07-23/DILR-6_0.png)

![chart](https://s13n-curr-images-bucket.s3.ap-south-1.amazonaws.com/imat/2026-07-23/DILR-6_1.png)

**By approximately what percentage did the combined revenue of the three lines change from 2023 to 2024?**",,340,,,,2,,18.2%,22.3%,24.9%,20.5%,,,DILR/di-graph,1
QA,QA-MCQ-1,1,mcsc,text,A dealer marks the price of a ceiling fan 60% above its cost price and then allows two successive discounts of 20% and 10% on the marked price. What is his profit percentage on this sale?,,200,,,,1,,15.2%,12.0%,16.0%,28.0%,,,QA/quant,0.5
QA,QA-MCQ-2,1,mcsc,text,"Pranav invests Rs 42,000 for 8 months, Qadir invests Rs 56,000 for 5 months and Rohit invests Rs 35,000 for 12 months in a partnership firm. At the end of the year the firm earns a profit of Rs 74,000, shared in proportion to capital multiplied by time. What is Qadir's share?",,240,,,,3,,"Rs 24,000","Rs 22,000","Rs 20,000","Rs 30,000",,,QA/quant,0.5
QA,QA-MCQ-3,1,mcsc,text,A vessel contains 60 litres of a mixture of milk and water in which milk and water are in the ratio 7 : 3. How many litres of water must be added so that the ratio of milk to water in the new mixture becomes 7 : 5?,,190,,,,2,,15 litres,12 litres,8 litres,10 litres,,,QA/quant,0.5
QA,QA-MCQ-4,1,mcsc,text,"A motorboat whose speed in still water is 12 km/h goes 45 km downstream along a river and returns to the starting point, taking 8 hours in all. What is the speed of the current?",,250,,,,1,,3 km/h,2.5 km/h,4 km/h,6 km/h,,,QA/quant,0.5
QA,QA-MCQ-5,1,mcsc,text,"Anil alone can paint a hall in 20 days and Bimal alone can paint it in 30 days. They begin painting together, but Anil stops working 5 days before the hall is finished, and Bimal completes the remaining part alone. In how many days is the hall painted?",,220,,,,4,,14 days,12 days,18 days,15 days,,,QA/quant,0.5
QA,QA-MCQ-6,1,mcsc,text,"A sum of Rs 16,000 is lent for one year at 10% per annum. By how much does the interest earned when the rate is compounded half-yearly exceed the interest earned when it is compounded annually?",,190,,,,4,,Rs 20,Rs 80,"Rs 1,640",Rs 40,,,QA/quant,0.5
QA,QA-MCQ-7,1,mcsc,text,Four boys and three girls are to be seated in a row of seven chairs. In how many ways can they be seated if no two girls sit next to each other?,,210,,,,4,,5040,720,2880,1440,,,QA/quant,0.5
QA,QA-MCQ-8,1,mcsc,text,"Bag A contains 4 red and 6 green balls, while bag B contains 7 red and 3 green balls. One of the two bags is chosen at random and two balls are drawn from it together. Both drawn balls turn out to be red. What is the probability that bag A was the bag chosen?",,290,,,,2,,1/3,2/9,7/9,2/15,,,QA/quant,1
QA,QA-MCQ-9,1,mcsc,text,"A solid metal cone of base radius 6 cm and height 24 cm is melted down, and 10% of the metal is lost in the process. The remaining metal is recast into solid spheres of radius 2 cm each. What is the largest number of complete spheres that can be made?",,280,,,,3,,8,25,24,27,,,QA/quant,1
QA,QA-MCQ-10,1,mcsc,text,Let N be the number whose prime factorisation is 2^5 x 3^4 x 5^2. How many positive divisors of N are perfect squares and are also multiples of 12?,,300,,,,2,,12,8,4,6,,,QA/quant,1
QA,QA-MCQ-11,1,mcsc,text,Three positive numbers are in arithmetic progression. Their sum is 27 and the sum of their squares is 293. What is the product of the three numbers?,,270,,,,3,,405,585,504,729,,,QA/quant,1
QA,QA-MCQ-12,1,mcsc,text,A non-zero real number x satisfies x + 1/x = 3. What is the value of x^5 + 1/x^5 ?,,280,,,,3,,141,243,123,126,,,QA/quant,1
QA,QA-MCQ-13,1,mcsc,text,"If a and b are positive real numbers with a + b = 10, what is the maximum possible value of a^2 b^3 ?",,320,,,,4,,3087,4000,3125,3456,,,QA/quant,1
QA,QA-MCQ-14,1,mcsc,text,The equation (log_3 x)^2 + 3 = log_3 (x^4) holds for exactly two positive values of x. What is the sum of these two values?,,250,,,,1,,30,84,12,28,,,QA/quant,1
QA,QA-MCQ-15,1,mcsc,text,"In the coordinate plane, A = (0, 2) and B = (12, 3). A point P moves along the x-axis. What is the smallest possible value of PA + PB ?",,290,,,,1,,13,17,15,12,,,QA/quant,1
QA,QA-MCQ-16,1,mcsc,text,"Among 200 students, 120 play cricket, 90 play football and 70 play tennis. Exactly 40 play both cricket and football, 30 play both football and tennis, 35 play both cricket and tennis, and 15 play all three games. How many students play exactly one of the three games?",,300,,,,2,,145,115,130,100,,,QA/quant,1
QA,QA-MCQ-17,1,mcsc,text,What is the value of the sum 2/(1*3) + 2/(3*5) + 2/(5*7) + ... + 2/(47*49) ?,,270,,,,2,,24/25,48/49,47/49,24/49,,,QA/quant,1
QA,QA-TITA-1,1,tita,text,What is the sum of all the odd positive factors of 1800? Type your answer as an integer.,403,280,,,,,,,,,,,,QA/quant,0.5
QA,QA-TITA-2,1,tita,text,"In a colony of 120 households, every household subscribes to at least one of three newspapers A, B and C. Exactly 70 subscribe to A, 60 subscribe to B and 50 subscribe to C, while 12 households subscribe to all three. How many households subscribe to exactly two of the three newspapers? Type your answer as an integer.",36,300,,,,,,,,,,,,QA/quant,0.5
QA,QA-TITA-3,1,tita,text,What is the remainder when 3^2024 + 4^2024 is divided by 100? Type your answer as an integer.,37,420,,,,,,,,,,,,QA/quant,1
QA,QA-TITA-4,1,tita,text,The positive integers x and y satisfy x + y = 30. What is the largest possible value of x^2 y? Type your answer as an integer.,4000,400,,,,,,,,,,,,QA/quant,1
QA,QA-TITA-5,1,tita,text,In how many distinct arrangements of all eleven letters of the word MISSISSIPPI do no two letters S stand next to each other? Type your answer as an integer.,7350,450,,,,,,,,,,,,QA/quant,1
VARC,VARC-RC1,1,mcsc,markdown,"**Read the following passage carefully and answer the question that follows.**

For centuries, cartographers left blank the interiors of continents they had not surveyed, and some filled the emptiness with drawings of imagined beasts. These flourishes were not mere decoration. A map is a claim about what is worth recording, and the choice of what to include always reflects the purposes of those who commission it. A trade map emphasises ports, rivers, and the shortest routes between markets; a military map foregrounds ridges, passes, and the width of fords. Neither is a neutral mirror of the land, because no map can show everything at once. To be useful, a map must leave things out.

This selective quality is precisely what makes maps powerful and, at times, misleading. A traveller who trusts a road map assumes that the roads shown are the ones that matter, and rarely wonders about the villages the mapmaker chose to omit. When an authority draws a boundary as a firm line, the line can come to feel as solid as a wall, even where the ground itself offers no such division. In this way a map does not simply describe a territory; it quietly shapes how people imagine and argue about that territory.

Modern digital maps intensify the effect rather than dissolving it. They appear complete and objective, yet every one rests on decisions about which streets to label, which businesses to display, and which neighbourhoods to render in detail. The reader sees a clean surface and forgets the editing beneath it. Understanding a map, then, requires more than reading its symbols. It requires asking who made it, for whom, and what they had reason to leave in the blank spaces.

**Which of the following best expresses the main idea of the passage?**",,120,,,,4,,Trade maps and military maps differ chiefly because rivers matter more to merchants than mountain passes ever will.,Early cartographers decorated unknown regions with imaginary creatures to disguise the limits of their knowledge from buyers.,Digital maps have finally removed the distortions that troubled the printed maps of earlier centuries and travellers.,Maps are selective representations whose contents reflect the aims of their makers rather than a neutral picture of the land.,,,VARC/reading-comprehension,0.5
VARC,VARC-RC1,2,mcsc,markdown,"**Read the following passage carefully and answer the question that follows.**

For centuries, cartographers left blank the interiors of continents they had not surveyed, and some filled the emptiness with drawings of imagined beasts. These flourishes were not mere decoration. A map is a claim about what is worth recording, and the choice of what to include always reflects the purposes of those who commission it. A trade map emphasises ports, rivers, and the shortest routes between markets; a military map foregrounds ridges, passes, and the width of fords. Neither is a neutral mirror of the land, because no map can show everything at once. To be useful, a map must leave things out.

This selective quality is precisely what makes maps powerful and, at times, misleading. A traveller who trusts a road map assumes that the roads shown are the ones that matter, and rarely wonders about the villages the mapmaker chose to omit. When an authority draws a boundary as a firm line, the line can come to feel as solid as a wall, even where the ground itself offers no such division. In this way a map does not simply describe a territory; it quietly shapes how people imagine and argue about that territory.

Modern digital maps intensify the effect rather than dissolving it. They appear complete and objective, yet every one rests on decisions about which streets to label, which businesses to display, and which neighbourhoods to render in detail. The reader sees a clean surface and forgets the editing beneath it. Understanding a map, then, requires more than reading its symbols. It requires asking who made it, for whom, and what they had reason to leave in the blank spaces.

**According to the passage, all of the following are true of maps EXCEPT:**",,110,,,,2,,The features a map emphasises depend on the purpose for which it was commissioned by its makers.,A digital map presents a complete and objective record precisely because it labels every street and business.,A boundary drawn as a firm line can come to feel solid even where the land shows no real division.,"A map cannot display everything at once, so being useful depends on deliberately leaving certain things out.",,,VARC/reading-comprehension,0.5
VARC,VARC-RC1,3,mcsc,markdown,"**Read the following passage carefully and answer the question that follows.**

For centuries, cartographers left blank the interiors of continents they had not surveyed, and some filled the emptiness with drawings of imagined beasts. These flourishes were not mere decoration. A map is a claim about what is worth recording, and the choice of what to include always reflects the purposes of those who commission it. A trade map emphasises ports, rivers, and the shortest routes between markets; a military map foregrounds ridges, passes, and the width of fords. Neither is a neutral mirror of the land, because no map can show everything at once. To be useful, a map must leave things out.

This selective quality is precisely what makes maps powerful and, at times, misleading. A traveller who trusts a road map assumes that the roads shown are the ones that matter, and rarely wonders about the villages the mapmaker chose to omit. When an authority draws a boundary as a firm line, the line can come to feel as solid as a wall, even where the ground itself offers no such division. In this way a map does not simply describe a territory; it quietly shapes how people imagine and argue about that territory.

Modern digital maps intensify the effect rather than dissolving it. They appear complete and objective, yet every one rests on decisions about which streets to label, which businesses to display, and which neighbourhoods to render in detail. The reader sees a clean surface and forgets the editing beneath it. Understanding a map, then, requires more than reading its symbols. It requires asking who made it, for whom, and what they had reason to leave in the blank spaces.

**It can be inferred from the passage that a reader who wants to judge a map fairly should:**",,118,,,,3,,assume that the roads a road map displays are always the ones that truly matter,prefer digital maps to printed ones because their surfaces are cleaner and easier,consider the intentions behind the map and notice what its maker chose not to show,accept that any boundary drawn as a firm line marks a genuine division in the land,,,VARC/reading-comprehension,0.5
VARC,VARC-RC1,4,mcsc,markdown,"**Read the following passage carefully and answer the question that follows.**

For centuries, cartographers left blank the interiors of continents they had not surveyed, and some filled the emptiness with drawings of imagined beasts. These flourishes were not mere decoration. A map is a claim about what is worth recording, and the choice of what to include always reflects the purposes of those who commission it. A trade map emphasises ports, rivers, and the shortest routes between markets; a military map foregrounds ridges, passes, and the width of fords. Neither is a neutral mirror of the land, because no map can show everything at once. To be useful, a map must leave things out.

This selective quality is precisely what makes maps powerful and, at times, misleading. A traveller who trusts a road map assumes that the roads shown are the ones that matter, and rarely wonders about the villages the mapmaker chose to omit. When an authority draws a boundary as a firm line, the line can come to feel as solid as a wall, even where the ground itself offers no such division. In this way a map does not simply describe a territory; it quietly shapes how people imagine and argue about that territory.

Modern digital maps intensify the effect rather than dissolving it. They appear complete and objective, yet every one rests on decisions about which streets to label, which businesses to display, and which neighbourhoods to render in detail. The reader sees a clean surface and forgets the editing beneath it. Understanding a map, then, requires more than reading its symbols. It requires asking who made it, for whom, and what they had reason to leave in the blank spaces.

**Why does the author mention trade maps and military maps in the first paragraph?**",,112,,,,3,,To suggest that the two kinds of map were usually produced by the same workshops,To prove that military needs have always mattered far more than trade did to early states everywhere,To show that different aims lead makers to highlight different features of the same land,To argue that rivers are harder to chart accurately than ridges and mountain passes,,,VARC/reading-comprehension,0.5
VARC,VARC-RC2,1,mcsc,markdown,"**Read the following passage carefully and answer the question that follows.**

When a forest burns, the loss looks total. Yet many woodlands have evolved not merely to survive fire but to depend on it. The cones of certain pines are sealed shut with resin and open only when the heat of a blaze melts that seal, releasing seeds onto ground newly cleared of competitors and enriched with ash. For such trees, a fire is not a disaster but the signal to reproduce. Ecologists describe these systems as fire-adapted, and they are far more common than the popular image of fire as pure destruction suggests.

The difficulty is that not all fires are alike. A frequent, low-intensity fire clears undergrowth while leaving mature trees standing, and many species are tuned to exactly this rhythm. When people suppress every small fire in order to protect property, dead wood and dry brush accumulate year after year. The next fire, when it finally comes, burns hotter and higher than anything the forest is built to withstand, killing even the trees that would ordinarily endure. In trying to prevent fire altogether, a policy can make the eventual blaze far more severe.

This paradox has forced a rethinking of how forests are managed. In several regions, foresters now set controlled burns on purpose, choosing cool, damp days when a fire can be kept small and contained. The aim is not to eliminate fire but to restore its natural frequency, so that fuel never builds to dangerous levels. The approach demands patience and public trust, since a deliberate fire is an unsettling sight. But it reflects a hard lesson: a landscape shaped by fire cannot be kept safe by pretending fire away.

**Which of the following best states the central argument of the passage?**",,122,,,,2,,Foresters in several regions have recently begun to distrust the public's reaction to any deliberate fire.,"Because many forests are adapted to regular fire, suppressing all fires can make later blazes more destructive.",The resin-sealed cones of certain pines will open only when a passing blaze first melts the seal and then frees the seeds.,"Controlled burns should be set on damp days so that the flames stay small, contained, and easy to watch.",,,VARC/reading-comprehension,0.5
VARC,VARC-RC2,2,mcsc,markdown,"**Read the following passage carefully and answer the question that follows.**

When a forest burns, the loss looks total. Yet many woodlands have evolved not merely to survive fire but to depend on it. The cones of certain pines are sealed shut with resin and open only when the heat of a blaze melts that seal, releasing seeds onto ground newly cleared of competitors and enriched with ash. For such trees, a fire is not a disaster but the signal to reproduce. Ecologists describe these systems as fire-adapted, and they are far more common than the popular image of fire as pure destruction suggests.

The difficulty is that not all fires are alike. A frequent, low-intensity fire clears undergrowth while leaving mature trees standing, and many species are tuned to exactly this rhythm. When people suppress every small fire in order to protect property, dead wood and dry brush accumulate year after year. The next fire, when it finally comes, burns hotter and higher than anything the forest is built to withstand, killing even the trees that would ordinarily endure. In trying to prevent fire altogether, a policy can make the eventual blaze far more severe.

This paradox has forced a rethinking of how forests are managed. In several regions, foresters now set controlled burns on purpose, choosing cool, damp days when a fire can be kept small and contained. The aim is not to eliminate fire but to restore its natural frequency, so that fuel never builds to dangerous levels. The approach demands patience and public trust, since a deliberate fire is an unsettling sight. But it reflects a hard lesson: a landscape shaped by fire cannot be kept safe by pretending fire away.

**According to the passage, why does suppressing every small fire eventually lead to a more severe blaze?**",,108,,,,2,,The resin seals on pine cones grow thicker each season and demand a hotter fire to open.,"Dead wood and dry brush pile up over the years, giving a later fire far more fuel to burn.",Mature trees lose their natural resistance to heat when they are protected for too long.,"Damp weather becomes rarer over time, so foresters can no longer schedule any cool burns.",,,VARC/reading-comprehension,0.5
VARC,VARC-RC2,3,mcsc,markdown,"**Read the following passage carefully and answer the question that follows.**

When a forest burns, the loss looks total. Yet many woodlands have evolved not merely to survive fire but to depend on it. The cones of certain pines are sealed shut with resin and open only when the heat of a blaze melts that seal, releasing seeds onto ground newly cleared of competitors and enriched with ash. For such trees, a fire is not a disaster but the signal to reproduce. Ecologists describe these systems as fire-adapted, and they are far more common than the popular image of fire as pure destruction suggests.

The difficulty is that not all fires are alike. A frequent, low-intensity fire clears undergrowth while leaving mature trees standing, and many species are tuned to exactly this rhythm. When people suppress every small fire in order to protect property, dead wood and dry brush accumulate year after year. The next fire, when it finally comes, burns hotter and higher than anything the forest is built to withstand, killing even the trees that would ordinarily endure. In trying to prevent fire altogether, a policy can make the eventual blaze far more severe.

This paradox has forced a rethinking of how forests are managed. In several regions, foresters now set controlled burns on purpose, choosing cool, damp days when a fire can be kept small and contained. The aim is not to eliminate fire but to restore its natural frequency, so that fuel never builds to dangerous levels. The approach demands patience and public trust, since a deliberate fire is an unsettling sight. But it reflects a hard lesson: a landscape shaped by fire cannot be kept safe by pretending fire away.

**It can be inferred that the author would most likely agree with which of the following statements?**",,120,,,,4,,Popular opinion about fire is usually a reliable guide to how forests should actually be managed.,"The safest forest is one in which every fire, however small, is put out as quickly as it can be found.",Protecting the property of nearby residents should never once be counted among the goals of any modern forest-management plan.,A management policy works better when it cooperates with a landscape's natural patterns than when it fights them.,,,VARC/reading-comprehension,0.5
VARC,VARC-RC2,4,mcsc,markdown,"**Read the following passage carefully and answer the question that follows.**

When a forest burns, the loss looks total. Yet many woodlands have evolved not merely to survive fire but to depend on it. The cones of certain pines are sealed shut with resin and open only when the heat of a blaze melts that seal, releasing seeds onto ground newly cleared of competitors and enriched with ash. For such trees, a fire is not a disaster but the signal to reproduce. Ecologists describe these systems as fire-adapted, and they are far more common than the popular image of fire as pure destruction suggests.

The difficulty is that not all fires are alike. A frequent, low-intensity fire clears undergrowth while leaving mature trees standing, and many species are tuned to exactly this rhythm. When people suppress every small fire in order to protect property, dead wood and dry brush accumulate year after year. The next fire, when it finally comes, burns hotter and higher than anything the forest is built to withstand, killing even the trees that would ordinarily endure. In trying to prevent fire altogether, a policy can make the eventual blaze far more severe.

This paradox has forced a rethinking of how forests are managed. In several regions, foresters now set controlled burns on purpose, choosing cool, damp days when a fire can be kept small and contained. The aim is not to eliminate fire but to restore its natural frequency, so that fuel never builds to dangerous levels. The approach demands patience and public trust, since a deliberate fire is an unsettling sight. But it reflects a hard lesson: a landscape shaped by fire cannot be kept safe by pretending fire away.

**Which word best describes the author's overall tone in the passage?**",,105,,,,1,,"Measured and explanatory, presenting a corrective view of a common belief","Alarmed and urgent, warning that forests everywhere face imminent collapse","Playful and ironic, mocking the foresters who still set deliberate burns","Nostalgic and mournful, lamenting woodlands that can no longer be saved",,,VARC/reading-comprehension,0.5
VARC,VARC-RC3,1,mcsc,markdown,"**Read the following passage carefully and answer the question that follows.**

The public library began as a simple idea: that useful books should be available to anyone, not only to those who could afford to buy them. Early lending libraries charged a small fee, which kept out the very readers who might have gained the most. The breakthrough came when towns agreed to pay for libraries out of shared taxes, so that borrowing became free at the point of use. A reader needed only to live in the town and to return the books on time. For many families, the library was the first place where knowledge cost nothing.

Over time, libraries grew into something larger than shelves of books. They became quiet places to study, warm rooms to sit in, and centres where people could ask a trained librarian for help finding what they needed. Children attended reading hours, job seekers used the desks, and newcomers to a town found notices about local life. The building offered not just texts but a shared space open to all, regardless of wealth.

Today, when a great deal of information sits a click away, some people ask whether libraries are still needed. Yet the answer many communities give is yes. Not everyone owns a computer or a quiet place to work, and not every question is easily answered by a search engine. The library remains what it has long been: a place where help and knowledge are offered freely, to whoever walks through the door.

**Which of the following best captures the main point of the passage?**",,95,,,,2,,Librarians spend more of their time helping job seekers than assisting young children.,The public library has long offered free access to knowledge and remains valuable today.,Early lending libraries failed mainly because the fees they charged were set far too high.,Search engines have replaced most of the services that public libraries once provided.,,,VARC/reading-comprehension,0
VARC,VARC-RC3,2,mcsc,markdown,"**Read the following passage carefully and answer the question that follows.**

The public library began as a simple idea: that useful books should be available to anyone, not only to those who could afford to buy them. Early lending libraries charged a small fee, which kept out the very readers who might have gained the most. The breakthrough came when towns agreed to pay for libraries out of shared taxes, so that borrowing became free at the point of use. A reader needed only to live in the town and to return the books on time. For many families, the library was the first place where knowledge cost nothing.

Over time, libraries grew into something larger than shelves of books. They became quiet places to study, warm rooms to sit in, and centres where people could ask a trained librarian for help finding what they needed. Children attended reading hours, job seekers used the desks, and newcomers to a town found notices about local life. The building offered not just texts but a shared space open to all, regardless of wealth.

Today, when a great deal of information sits a click away, some people ask whether libraries are still needed. Yet the answer many communities give is yes. Not everyone owns a computer or a quiet place to work, and not every question is easily answered by a search engine. The library remains what it has long been: a place where help and knowledge are offered freely, to whoever walks through the door.

**According to the passage, what change made borrowing free at the point of use?**",,90,,,,2,,Librarians volunteered their time so that no salaries had to be paid at all.,Towns agreed to fund libraries through shared taxes instead of charging each reader.,Publishers lowered the price of books until borrowing them cost almost nothing.,Wealthy donors bought up large private collections of books and then handed them over to the towns.,,,VARC/reading-comprehension,0
VARC,VARC-RC3,3,mcsc,markdown,"**Read the following passage carefully and answer the question that follows.**

The public library began as a simple idea: that useful books should be available to anyone, not only to those who could afford to buy them. Early lending libraries charged a small fee, which kept out the very readers who might have gained the most. The breakthrough came when towns agreed to pay for libraries out of shared taxes, so that borrowing became free at the point of use. A reader needed only to live in the town and to return the books on time. For many families, the library was the first place where knowledge cost nothing.

Over time, libraries grew into something larger than shelves of books. They became quiet places to study, warm rooms to sit in, and centres where people could ask a trained librarian for help finding what they needed. Children attended reading hours, job seekers used the desks, and newcomers to a town found notices about local life. The building offered not just texts but a shared space open to all, regardless of wealth.

Today, when a great deal of information sits a click away, some people ask whether libraries are still needed. Yet the answer many communities give is yes. Not everyone owns a computer or a quiet place to work, and not every question is easily answered by a search engine. The library remains what it has long been: a place where help and knowledge are offered freely, to whoever walks through the door.

**It can be inferred from the passage that the author regards the claim that libraries are no longer needed as:**",,112,,,,3,,"reasonable, since a search engine now answers nearly every possible question","unimportant, because libraries were never truly meant to serve the whole public","mistaken, because many people still lack the resources a library freely provides","proven, given that most families already own computers of their own at home",,,VARC/reading-comprehension,0.5
VARC,VARC-RC3,4,mcsc,markdown,"**Read the following passage carefully and answer the question that follows.**

The public library began as a simple idea: that useful books should be available to anyone, not only to those who could afford to buy them. Early lending libraries charged a small fee, which kept out the very readers who might have gained the most. The breakthrough came when towns agreed to pay for libraries out of shared taxes, so that borrowing became free at the point of use. A reader needed only to live in the town and to return the books on time. For many families, the library was the first place where knowledge cost nothing.

Over time, libraries grew into something larger than shelves of books. They became quiet places to study, warm rooms to sit in, and centres where people could ask a trained librarian for help finding what they needed. Children attended reading hours, job seekers used the desks, and newcomers to a town found notices about local life. The building offered not just texts but a shared space open to all, regardless of wealth.

Today, when a great deal of information sits a click away, some people ask whether libraries are still needed. Yet the answer many communities give is yes. Not everyone owns a computer or a quiet place to work, and not every question is easily answered by a search engine. The library remains what it has long been: a place where help and knowledge are offered freely, to whoever walks through the door.

**What is the main purpose of the second paragraph?**",,108,,,,2,,To compare the reading hours for children with the desks used by job seekers,"To show that libraries came to serve as shared community spaces, not only stores of books",To describe how librarians are trained before they begin helping the public,To explain the exact set of rules that a reader had to carefully follow in order to borrow any book,,,VARC/reading-comprehension,0.5
VARC,VARC-ODD-1,1,mcsc,markdown,"Five sentences are given below. Four of them can be joined to form a coherent paragraph on a single idea, while one does not fit.

(1) Honeybees communicate the location of food through a series of movements known as the waggle dance.
(2) The angle of the dance relative to vertical tells other bees the direction of the flowers.
(3) The duration of each waggle run signals roughly how far away the food source lies.
(4) A large hive can hold tens of thousands of individual worker bees during summer.
(5) Observers can even estimate distance by timing how long each run lasts.

**Which sentence is the odd one out?**",,150,,,,2,,Sentence 1,Sentence 4,Sentence 3,Sentence 5,Sentence 2,,VARC/odd-one-out,0.5
VARC,VARC-ODD-2,1,mcsc,markdown,"Five sentences are given below. Four of them can be joined to form a coherent paragraph on a single idea, while one does not fit.

(1) The invention of movable type allowed identical pages to be printed quickly and cheaply.
(2) Books that once took months to copy by hand could suddenly be produced in days.
(3) Wider access to printed texts helped standardise spelling across many regions.
(4) Lower prices meant that ideas spread far beyond wealthy monasteries and courts.
(5) Many early manuscripts were decorated with gold leaf and elaborate hand-painted borders.

**Which sentence is the odd one out?**",,150,,,,3,,Sentence 2,Sentence 3,Sentence 5,Sentence 1,Sentence 4,,VARC/odd-one-out,0.5
VARC,VARC-ODD-3,1,mcsc,markdown,"Five sentences are given below. Four of them can be joined to form a coherent paragraph on a single idea, while one does not fit.

(1) Coral reefs support a quarter of all marine species despite covering a tiny fraction of the ocean.
(2) The corals depend on algae living inside their tissues to provide most of their food.
(3) When water grows too warm, the corals expel these algae and turn a pale white.
(4) A prolonged loss of algae can leave the corals starving and eventually dead.
(5) Deep-sea trenches remain among the least explored regions of the entire planet.

**Which sentence is the odd one out?**",,150,,,,1,,Sentence 5,Sentence 3,Sentence 1,Sentence 4,Sentence 2,,VARC/odd-one-out,0.5
VARC,VARC-JUMBLE-1,1,mcsc,markdown,"The four sentences below, labelled 1 to 4, form a paragraph when placed in the correct order. Rearrange them into the most logical sequence.

1. A city planted thousands of trees along its hottest streets to cool them down.
2. Within a few summers, shaded pavements were measurably cooler than bare ones.
3. Residents also reported walking more often once the routes felt pleasant.
4. The idea began as a simple response to rising temperatures in the centre.

**Select the correct order.**",,160,,,,1,,4-1-2-3,1-2-3-4,4-2-1-3,1-4-3-2,,,VARC/para-jumble,0.5
VARC,VARC-JUMBLE-2,1,mcsc,markdown,"The four sentences below, labelled 1 to 4, form a paragraph when placed in the correct order. Rearrange them into the most logical sequence.

1. This layer traps heat and keeps the surface warm enough for liquid water.
2. The atmosphere of a planet is the blanket of gases held by its gravity.
3. Without it, the same surface would swing between scorching days and freezing nights.
4. On our world that blanket is mostly nitrogen with a smaller share of oxygen.

**Select the correct order.**",,160,,,,1,,2-4-1-3,2-1-4-3,4-2-1-3,2-3-1-4,,,VARC/para-jumble,0.5
VARC,VARC-JUMBLE-3,1,mcsc,markdown,"The four sentences below, labelled 1 to 4, form a paragraph when placed in the correct order. Rearrange them into the most logical sequence.

1. She began by sorting the beans by size before the roasting could start.
2. A small cafe decided to roast its own coffee for the first time.
3. Only then did the owner adjust the heat to bring out the flavour.
4. Uneven beans, she knew, would scorch and cook at different rates.

**Select the correct order.**",,160,,,,1,,2-1-4-3,2-3-1-4,1-4-2-3,2-4-1-3,,,VARC/para-jumble,0.5
VARC,VARC-JUMBLE-4,1,mcsc,markdown,"The four sentences below, labelled 1 to 4, form a paragraph when placed in the correct order. Rearrange them into the most logical sequence.

1. Early maps of the region were drawn mostly from travellers' rough sketches.
2. As a result, coastlines were often placed dozens of miles from their true position.
3. Later surveys with proper instruments corrected many of these old errors.
4. Today satellites fix the same coastlines to within a few metres.

**Select the correct order.**",,160,,,,4,,3-1-2-4,1-3-2-4,1-2-4-3,1-2-3-4,,,VARC/para-jumble,0.5
VARC,VARC-SUMMARY-1,1,mcsc,markdown,"**Read the paragraph given below and answer the question that follows.**

Libraries once measured their worth by how many books they owned, but many now judge themselves by how well they connect people to information wherever it lives. A modern library lends digital files, offers work and meeting space, and guides visitors through vast online collections it does not physically hold. The building still matters, yet its main job has shifted from storing objects to giving access.

**Which option best summarises the paragraph?**",,130,,,,1,,Libraries now judge their worth by how well they connect people to information rather than by how many books they own.,Modern libraries lend out digital files and provide quiet meeting rooms as well as long shelves of printed books for their many visitors.,"Libraries no longer need any physical building at all, since nearly every part of their collection is now stored and read online.",The sheer number of books that a library owns remains the clearest and most reliable measure of how useful it truly is.,,,VARC/summary,0
VARC,VARC-SUMMARY-2,1,mcsc,markdown,"**Read the paragraph given below and answer the question that follows.**

Sleep is often treated as lost time, yet the brain stays busy during it. While a person rests, the brain sorts through the day's experiences, strengthens useful memories and clears away waste that builds up during waking hours. Far from being idle, sleep is active maintenance that keeps the mind working well the next day.

**Which option best summarises the paragraph?**",,150,,,,4,,Sleep feels like wasted time to most people because nothing worth measuring ever happens inside the resting brain.,People who sleep for longer will always think faster and remember far more facts than those who choose to sleep much less.,During each period of sleep the brain quietly strengthens the useful memories a person has formed across the whole of the previous day.,Sleep is not lost time but active brain upkeep that sorts memories and clears waste to keep the mind sharp.,,,VARC/summary,0.5
VARC,VARC-SUMMARY-3,1,mcsc,markdown,"**Read the paragraph given below and answer the question that follows.**

Fixing a bicycle taught the student more than any lecture had. By taking the gears apart and putting them back together, she saw how each part depended on the others in a way diagrams had never made clear. The lesson was not really about bicycles; it was that handling something directly can reveal what mere description leaves hidden.

**Which option best summarises the paragraph?**",,150,,,,3,,Bicycles are surprisingly complicated machines whose many gears turn out to depend on one another in unexpected ways.,The student slowly learned how to take the gears of a bicycle apart and then reassemble them correctly during her afternoon repair.,Handling a real object directly can reveal how its parts relate in ways that descriptions and diagrams cannot.,Lectures and diagrams are quite useless for teaching almost anything and should be replaced entirely by hands-on practice sessions.,,,VARC/summary,0.5
VARC,VARC-SUMMARY-4,1,mcsc,markdown,"**Read the paragraph given below and answer the question that follows.**

A town worried about litter tried fines for a year with little effect. It then placed more bins and painted cheerful footpaths leading to them, and litter fell sharply. The change suggested that making the right action easy and inviting often works better than simply punishing the wrong one.

**Which option best summarises the paragraph?**",,150,,,,2,,Fines can never change the way the public behaves and ought to be abolished by every town that seriously hopes to stay clean.,Making a desired action easy and inviting can cut a problem more than punishing the unwanted behaviour does.,The town first tried out fines for a full year before it finally decided to add many more bins around its busy streets.,The town carefully painted a set of cheerful footpaths that were meant to guide residents toward its newly installed litter bins.,,,VARC/summary,0.5
VARC,VARC-SUMMARY-5,1,mcsc,markdown,"**Read the paragraph given below and answer the question that follows.**

Maps always leave things out, and that is their strength. A useful subway map ignores true distances and street layouts so that riders can see the lines and stops at a glance. By dropping detail that would only clutter the task at hand, a good map makes the information that matters easy to read.

**Which option best summarises the paragraph?**",,150,,,,4,,Maps that leave out any information are basically misleading and cannot really be trusted for any kind of serious purpose.,Subway riders simply need to see the coloured lines and the stops so that they can plan their daily journeys across the city.,Subway maps very deliberately ignore both the true distances between stations and the real layout of the streets above them.,"A good map is useful because it leaves out detail that would clutter the task, showing only what matters.",,,VARC/summary,0.5
DILR,DILR-1,1,mcsc,markdown,"**Read the information given below and answer the question that follows.**

Five runners, Neha, Omar, Priya, Rahul and Sana, finished a road race in positions one (first) through five (last), with no ties.

- Omar finished last.
- Priya finished immediately before Rahul.
- Neha finished ahead of both Priya and Sana.
- Sana did not finish fourth.

**Who finished in second place?**",,200,,,,1,,Sana,Priya,Neha,Rahul,,,DILR/logic-tournament,0.5
DILR,DILR-1,2,mcsc,markdown,"**Read the information given below and answer the question that follows.**

Five runners, Neha, Omar, Priya, Rahul and Sana, finished a road race in positions one (first) through five (last), with no ties.

- Omar finished last.
- Priya finished immediately before Rahul.
- Neha finished ahead of both Priya and Sana.
- Sana did not finish fourth.

**Who finished in fourth place?**",,190,,,,3,,Priya,Sana,Rahul,Omar,,,DILR/logic-tournament,0.5
DILR,DILR-1,3,mcsc,markdown,"**Read the information given below and answer the question that follows.**

Five runners, Neha, Omar, Priya, Rahul and Sana, finished a road race in positions one (first) through five (last), with no ties.

- Omar finished last.
- Priya finished immediately before Rahul.
- Neha finished ahead of both Priya and Sana.
- Sana did not finish fourth.

**How many runners finished between Sana and Omar?**",,200,,,,4,,Three,Zero,One,Two,,,DILR/logic-tournament,0.5
DILR,DILR-2,1,mcsc,markdown,"**Read the information given below and answer the question that follows.**

Four teams, Falcons, Hawks, Owls and Ravens, took part in a quiz. Their final scores were the four distinct values 30, 40, 50 and 60 points, in some order.

- The Hawks scored exactly 20 points more than the Owls.
- The Ravens outscored the Falcons.
- The Falcons did not finish with the lowest score.

**Which team won the quiz with the highest score?**",,210,,,,3,,Hawks,Owls,Ravens,Falcons,,,DILR/logic-quiz-scores,0.5
DILR,DILR-2,2,mcsc,markdown,"**Read the information given below and answer the question that follows.**

Four teams, Falcons, Hawks, Owls and Ravens, took part in a quiz. Their final scores were the four distinct values 30, 40, 50 and 60 points, in some order.

- The Hawks scored exactly 20 points more than the Owls.
- The Ravens outscored the Falcons.
- The Falcons did not finish with the lowest score.

**How many points did the Falcons score?**",,200,,,,1,,40,30,60,50,,,DILR/logic-quiz-scores,0.5
DILR,DILR-2,3,mcsc,markdown,"**Read the information given below and answer the question that follows.**

Four teams, Falcons, Hawks, Owls and Ravens, took part in a quiz. Their final scores were the four distinct values 30, 40, 50 and 60 points, in some order.

- The Hawks scored exactly 20 points more than the Owls.
- The Ravens outscored the Falcons.
- The Falcons did not finish with the lowest score.

**What is the difference between the highest and the lowest team scores?**",,205,,,,1,,30,10,20,60,,,DILR/logic-quiz-scores,0.5
DILR,DILR-3,1,mcsc,markdown,"**Study the data given below and answer the question that follows.**

A regional juice company sells three flavours, Mango, Guava and Litchi, at four riverside kiosks named P, Q, R and S. Table 1 gives the number of bottles sold and Table 2 gives the selling price of each bottle. All bottle counts are in thousands of bottles; all prices are in rupees per bottle; revenue = bottles sold x price per bottle, so each revenue figure comes out in thousands of rupees.

Table 1: Bottles sold (in thousands)

| Flavour | P | Q | R | S |
|---|--:|--:|--:|--:|
| Mango | 12 | 8 | 10 | 6 |
| Guava | 5 | 9 | 7 | 4 |
| Litchi | 8 | 6 | 5 | 9 |

Table 2: Price per bottle (in rupees)

| Flavour | P | Q | R | S |
|---|--:|--:|--:|--:|
| Mango | 25 | 25 | 30 | 30 |
| Guava | 20 | 20 | 20 | 20 |
| Litchi | 15 | 15 | 10 | 10 |

**How many bottles in total (in thousands) were sold at kiosk Q across all three flavours?**",,160,,,,2,,22 thousand,23 thousand,21 thousand,24 thousand,,,DILR/di-table,0.5
DILR,DILR-3,2,mcsc,markdown,"**Study the data given below and answer the question that follows.**

A regional juice company sells three flavours, Mango, Guava and Litchi, at four riverside kiosks named P, Q, R and S. Table 1 gives the number of bottles sold and Table 2 gives the selling price of each bottle. All bottle counts are in thousands of bottles; all prices are in rupees per bottle; revenue = bottles sold x price per bottle, so each revenue figure comes out in thousands of rupees.

Table 1: Bottles sold (in thousands)

| Flavour | P | Q | R | S |
|---|--:|--:|--:|--:|
| Mango | 12 | 8 | 10 | 6 |
| Guava | 5 | 9 | 7 | 4 |
| Litchi | 8 | 6 | 5 | 9 |

Table 2: Price per bottle (in rupees)

| Flavour | P | Q | R | S |
|---|--:|--:|--:|--:|
| Mango | 25 | 25 | 30 | 30 |
| Guava | 20 | 20 | 20 | 20 |
| Litchi | 15 | 15 | 10 | 10 |

**What was the total revenue (in thousands of rupees) generated by kiosk P?**",,220,,,,3,,540 thousand,470 thousand,520 thousand,500 thousand,,,DILR/di-table,0.5
DILR,DILR-3,3,mcsc,markdown,"**Study the data given below and answer the question that follows.**

A regional juice company sells three flavours, Mango, Guava and Litchi, at four riverside kiosks named P, Q, R and S. Table 1 gives the number of bottles sold and Table 2 gives the selling price of each bottle. All bottle counts are in thousands of bottles; all prices are in rupees per bottle; revenue = bottles sold x price per bottle, so each revenue figure comes out in thousands of rupees.

Table 1: Bottles sold (in thousands)

| Flavour | P | Q | R | S |
|---|--:|--:|--:|--:|
| Mango | 12 | 8 | 10 | 6 |
| Guava | 5 | 9 | 7 | 4 |
| Litchi | 8 | 6 | 5 | 9 |

Table 2: Price per bottle (in rupees)

| Flavour | P | Q | R | S |
|---|--:|--:|--:|--:|
| Mango | 25 | 25 | 30 | 30 |
| Guava | 20 | 20 | 20 | 20 |
| Litchi | 15 | 15 | 10 | 10 |

**What was the combined revenue of the Mango flavour (in thousands of rupees) across all four kiosks?**",,220,,,,4,,880 thousand,1000 thousand,900 thousand,980 thousand,,,DILR/di-table,0.5
DILR,DILR-3,4,mcsc,markdown,"**Study the data given below and answer the question that follows.**

A regional juice company sells three flavours, Mango, Guava and Litchi, at four riverside kiosks named P, Q, R and S. Table 1 gives the number of bottles sold and Table 2 gives the selling price of each bottle. All bottle counts are in thousands of bottles; all prices are in rupees per bottle; revenue = bottles sold x price per bottle, so each revenue figure comes out in thousands of rupees.

Table 1: Bottles sold (in thousands)

| Flavour | P | Q | R | S |
|---|--:|--:|--:|--:|
| Mango | 12 | 8 | 10 | 6 |
| Guava | 5 | 9 | 7 | 4 |
| Litchi | 8 | 6 | 5 | 9 |

Table 2: Price per bottle (in rupees)

| Flavour | P | Q | R | S |
|---|--:|--:|--:|--:|
| Mango | 25 | 25 | 30 | 30 |
| Guava | 20 | 20 | 20 | 20 |
| Litchi | 15 | 15 | 10 | 10 |

**In how many of the twelve flavour-kiosk cells did the revenue exceed 150 thousand rupees?**",,240,,,,3,,3 cells,4 cells,5 cells,6 cells,,,DILR/di-table,0.5
DILR,DILR-4,1,mcsc,markdown,"**Read the information given below and answer the question that follows.**

Four employees, Arjun, Bela, Carlos and Diana, each attended a one-day training session. The sessions were held on four different days: Monday, Tuesday, Wednesday and Thursday, one employee per day.

- Arjun trained on an earlier day than Bela.
- Carlos trained exactly two days after Diana.
- Diana did not train on Monday.

**On which day did Arjun train?**",,200,,,,2,,Thursday,Monday,Tuesday,Wednesday,,,DILR/logic-investment,0.5
DILR,DILR-4,2,mcsc,markdown,"**Read the information given below and answer the question that follows.**

Four employees, Arjun, Bela, Carlos and Diana, each attended a one-day training session. The sessions were held on four different days: Monday, Tuesday, Wednesday and Thursday, one employee per day.

- Arjun trained on an earlier day than Bela.
- Carlos trained exactly two days after Diana.
- Diana did not train on Monday.

**Who trained on Wednesday?**",,200,,,,4,,Diana,Carlos,Arjun,Bela,,,DILR/logic-investment,0.5
DILR,DILR-4,3,mcsc,markdown,"**Read the information given below and answer the question that follows.**

Four employees, Arjun, Bela, Carlos and Diana, each attended a one-day training session. The sessions were held on four different days: Monday, Tuesday, Wednesday and Thursday, one employee per day.

- Arjun trained on an earlier day than Bela.
- Carlos trained exactly two days after Diana.
- Diana did not train on Monday.

**Who trained on the day immediately before Carlos?**",,230,,,,3,,Arjun,"No one, Carlos trained on the first day",Bela,Diana,,,DILR/logic-investment,1
DILR,DILR-5,1,mcsc,markdown,"**Study the data given below and answer the question that follows.**

The grouped bar chart below shows the number of units sold by three solar lamp models, Solaris, Lumen and Vireo, in the years 2022, 2023 and 2024. All figures are in thousands of units, so a bar of height 40 means 40 thousand units were sold.

![chart](https://s13n-curr-images-bucket.s3.ap-south-1.amazonaws.com/imat/2026-07-31/DILR-5_0.png)

**How many units in total (in thousands) were sold across all three models in 2023?**",,150,,,,4,,115 thousand,130 thousand,110 thousand,120 thousand,,,DILR/di-graph,0.5
DILR,DILR-5,2,mcsc,markdown,"**Study the data given below and answer the question that follows.**

The grouped bar chart below shows the number of units sold by three solar lamp models, Solaris, Lumen and Vireo, in the years 2022, 2023 and 2024. All figures are in thousands of units, so a bar of height 40 means 40 thousand units were sold.

![chart](https://s13n-curr-images-bucket.s3.ap-south-1.amazonaws.com/imat/2026-07-31/DILR-5_0.png)

**By what percentage did the units sold of Solaris grow from 2022 to 2024?**",,170,,,,1,,50 percent,33 percent,20 percent,40 percent,,,DILR/di-graph,0.5
DILR,DILR-5,3,mcsc,markdown,"**Study the data given below and answer the question that follows.**

The grouped bar chart below shows the number of units sold by three solar lamp models, Solaris, Lumen and Vireo, in the years 2022, 2023 and 2024. All figures are in thousands of units, so a bar of height 40 means 40 thousand units were sold.

![chart](https://s13n-curr-images-bucket.s3.ap-south-1.amazonaws.com/imat/2026-07-31/DILR-5_0.png)

**In which year were the total units sold across all three models the highest?**",,180,,,,3,,Equal in 2023 and 2024,2022,2024,2023,,,DILR/di-graph,0.5
DILR,DILR-5,4,mcsc,markdown,"**Study the data given below and answer the question that follows.**

The grouped bar chart below shows the number of units sold by three solar lamp models, Solaris, Lumen and Vireo, in the years 2022, 2023 and 2024. All figures are in thousands of units, so a bar of height 40 means 40 thousand units were sold.

![chart](https://s13n-curr-images-bucket.s3.ap-south-1.amazonaws.com/imat/2026-07-31/DILR-5_0.png)

**What is the ratio of Lumen units sold in 2024 to Vireo units sold in 2022?**",,170,,,,1,,5 : 2,5 : 3,3 : 1,2 : 1,,,DILR/di-graph,0.5
DILR,DILR-5,5,mcsc,markdown,"**Study the data given below and answer the question that follows.**

The grouped bar chart below shows the number of units sold by three solar lamp models, Solaris, Lumen and Vireo, in the years 2022, 2023 and 2024. All figures are in thousands of units, so a bar of height 40 means 40 thousand units were sold.

![chart](https://s13n-curr-images-bucket.s3.ap-south-1.amazonaws.com/imat/2026-07-31/DILR-5_0.png)

**What was the average number of units (in thousands) sold per model in 2024?**",,160,,,,3,,45 thousand,48 thousand,50 thousand,55 thousand,,,DILR/di-graph,0.5
QA,QA-MCQ-1,1,mcsc,text,"In a class of 250 students, 36% opted for the science club. How many students opted for the science club?",,70,,,,1,,90,214,160,36,,,QA/quant,0
QA,QA-MCQ-2,1,mcsc,text,A shopkeeper buys a bag for 400 rupees and sells it for 460 rupees. What is the profit percentage?,,75,,,,2,,13%,15%,12%,60%,,,QA/quant,0
QA,QA-MCQ-3,1,mcsc,text,"Two numbers are in the ratio 3 : 5, and their sum is 96. What is the larger number?",,80,,,,3,,48,36,60,58,,,QA/quant,0
QA,QA-MCQ-4,1,mcsc,text,The average of five numbers is 24. What is their total sum?,,60,,,,2,,24,120,100,29,,,QA/quant,0
QA,QA-MCQ-5,1,mcsc,text,A sum of 2000 rupees is invested at 6% simple interest per year. What is the interest earned in one year?,,70,,,,1,,120,2120,60,112,,,QA/quant,0
QA,QA-MCQ-6,1,mcsc,text,A rectangular garden is 14 metres long and 9 metres wide. What is its perimeter?,,70,,,,4,,52,126,23,46,,,QA/quant,0
QA,QA-MCQ-7,1,mcsc,text,"A car travels 165 kilometres in 3 hours, then 120 kilometres in 2 hours. What is its average speed for the whole journey?",,200,,,,2,,55,57,60,56,,,QA/quant,0.5
QA,QA-MCQ-8,1,mcsc,text,"The smallest number that is exactly divisible by 8, 12, and 18 is:",,210,,,,4,,144,36,24,72,,,QA/quant,0.5
QA,QA-MCQ-9,1,mcsc,text,"A shirt is marked at 800 rupees. After a discount of 15%, the shopkeeper still makes a profit of 20% on the cost price. What was the cost price?",,230,,,,1,,567,600,680,544,,,QA/quant,0.5
QA,QA-MCQ-10,1,mcsc,text,"A sum of Rs 8000 is invested at 10% per annum compound interest, compounded annually. What is the compound interest earned at the end of 2 years?",,130,,,,4,,Rs 1600,Rs 968,Rs 1728,Rs 1680,,,QA/quant,0.5
QA,QA-MCQ-11,1,mcsc,text,"Pipe A can fill a tank in 12 hours and pipe B can fill the same tank in 18 hours. If both pipes are opened together, how long will they take to fill the tank?",,120,,,,4,,7.5 hours,15 hours,6 hours,7.2 hours,,,QA/quant,0.5
QA,QA-MCQ-12,1,mcsc,text,A 40-litre mixture contains milk and water in the ratio 3:1. How many litres of water must be added so that the ratio of milk to water becomes 3:2?,,140,,,,2,,5 litres,10 litres,20 litres,8 litres,,,QA/quant,0.5
QA,QA-MCQ-13,1,mcsc,text,Two fair six-sided dice are rolled together. What is the probability that the sum of the two numbers shown is exactly 8?,,130,,,,2,,1/9,5/36,1/6,7/36,,,QA/quant,0.5
QA,QA-MCQ-14,1,mcsc,text,In how many distinct ways can all the letters of the word BANANA be arranged?,,120,,,,4,,720,120,360,60,,,QA/quant,0.5
QA,QA-MCQ-15,1,mcsc,text,A solid sphere has a radius of 3 cm. What is its volume?,,110,,,,1,,36π cm³,27π cm³,12π cm³,9π cm³,,,QA/quant,0.5
QA,QA-MCQ-16,1,mcsc,text,"A certain sum invested at compound interest, compounded annually, amounts to Rs 4840 in 2 years and to Rs 5324 in 3 years. What was the original sum invested?",,210,,,,3,,Rs 3993,Rs 4400,Rs 4000,Rs 4200,,,QA/quant,1
QA,QA-MCQ-17,1,mcsc,text,In an arithmetic progression the third term is 12 and the seventh term is 24. What is the sum of the first 10 terms of this progression?,,220,,,,1,,195,165,210,180,,,QA/quant,1
QA,QA-MCQ-18,1,mcsc,text,"In a group of 120 students, 70 like tea, 80 like coffee, and 20 like neither tea nor coffee. How many students like both tea and coffee?",,190,,,,3,,40,30,50,60,,,QA/quant,1
QA,QA-TITA-1,1,tita,text,Find the value of the expression (2^5 x 3^2) divided by (2^3 x 3).,12,120,,,,,,,,,,,,QA/quant,0
QA,QA-TITA-2,1,tita,text,A train travels at a constant speed of 72 kilometres per hour. Express this speed in metres per second.,20,110,,,,,,,,,,,,QA/quant,0
QA,QA-TITA-3,1,tita,text,"In an election between two candidates, the winner secured 60 percent of the total valid votes and won by a margin of 4800 votes. Find the total number of valid votes polled.",24000,210,,,,,,,,,,,,QA/quant,0.5
QA,QA-TITA-4,1,tita,text,**How many positive integer factors does 180 have?**,18,220,,,,,,,,,,,,QA/quant,0.5
QA,QA-TITA-5,1,tita,text,"In a group of students, 60 like tea, 50 like coffee, and 20 like both tea and coffee. How many students like exactly one of the two drinks?",70,200,,,,,,,,,,,,QA/quant,0.5
QA,QA-TITA-6,1,tita,text,Find the remainder when 7 raised to the power 103 is divided by 100.,43,300,,,,,,,,,,,,QA/quant,1
VARC,VARC-RC1,1,mcsc,markdown,"**Read the following passage carefully and answer the question that follows.**

When we ask what a poem means, we are tempted to reach for what its author intended it to mean, as though the work were a sealed letter and criticism the act of opening it. The temptation is understandable, since intentions do govern most of what we make and say. Yet a strand of twentieth-century criticism insisted that, once a work is finished and released, the author's private aims cease to be the arbiter of its meaning. On this view the poem is a public object made of language, and language carries implications its user may neither have foreseen nor endorsed. A reader who recovers a documented intention has learned something about the poet's biography, not necessarily something decisive about the poem.

The argument is easy to caricature as a licence for arbitrary reading, but its careful proponents claimed no such thing. They distinguished the meaning of a work from the occasion of its composition, and held that evidence internal to the text, its diction, structure, and the conventions it invokes, constrains interpretation more tightly than any appeal to what the author confided in a letter. Where internal and external evidence agree, the appeal to intention is redundant; where they conflict, it is the text, not the confession, that the critic is professionally bound to honour. Intention, in short, is neither available nor desirable as a final standard of literary judgement.

Critics of this position have replied that meaning without a meaner is incoherent, and that to strip intention from interpretation is to reduce reading to the free play of association. The reply has force against the caricature but less against the original claim, which never denied that someone meant something, only that the someone's report settles the question. A more searching objection notes that the very conventions the text invokes are themselves the sediment of countless past intentions, so that intention returns, collectivised, at the level of the language itself. The debate, then, is less about whether intention matters than about whose intention, and at what remove, a competent reading is obliged to reconstruct.

**The passage is primarily concerned with:**",,250,,,,3,,defending the claim that a reader is free to assign a poem almost any meaning that the language will loosely permit,tracing how twentieth-century literary criticism gradually abandoned nearly all close attention to the words on the page,"presenting a view that denies the author's intention fixes a poem's meaning, and weighing the replies it draws",arguing that an author's stated intention is wholly irrelevant to every form of literary and biographical inquiry,,,VARC/reading-comprehension,0.5
VARC,VARC-RC1,2,mcsc,markdown,"**Read the following passage carefully and answer the question that follows.**

When we ask what a poem means, we are tempted to reach for what its author intended it to mean, as though the work were a sealed letter and criticism the act of opening it. The temptation is understandable, since intentions do govern most of what we make and say. Yet a strand of twentieth-century criticism insisted that, once a work is finished and released, the author's private aims cease to be the arbiter of its meaning. On this view the poem is a public object made of language, and language carries implications its user may neither have foreseen nor endorsed. A reader who recovers a documented intention has learned something about the poet's biography, not necessarily something decisive about the poem.

The argument is easy to caricature as a licence for arbitrary reading, but its careful proponents claimed no such thing. They distinguished the meaning of a work from the occasion of its composition, and held that evidence internal to the text, its diction, structure, and the conventions it invokes, constrains interpretation more tightly than any appeal to what the author confided in a letter. Where internal and external evidence agree, the appeal to intention is redundant; where they conflict, it is the text, not the confession, that the critic is professionally bound to honour. Intention, in short, is neither available nor desirable as a final standard of literary judgement.

Critics of this position have replied that meaning without a meaner is incoherent, and that to strip intention from interpretation is to reduce reading to the free play of association. The reply has force against the caricature but less against the original claim, which never denied that someone meant something, only that the someone's report settles the question. A more searching objection notes that the very conventions the text invokes are themselves the sediment of countless past intentions, so that intention returns, collectivised, at the level of the language itself. The debate, then, is less about whether intention matters than about whose intention, and at what remove, a competent reading is obliged to reconstruct.

**The careful proponents of the anti-intention view would agree with all of the following EXCEPT:**",,240,,,,3,,The diction and structure of a text limit its readings more tightly than a private confession by its author,"Where internal and external evidence point the same way, invoking the author's intention adds nothing new",A finished poem has no determinate meaning until its author supplies an authoritative gloss on it,Recovering an author's documented intention can still teach us something about that author's biography,,,VARC/reading-comprehension,0.5
VARC,VARC-RC1,3,mcsc,markdown,"**Read the following passage carefully and answer the question that follows.**

When we ask what a poem means, we are tempted to reach for what its author intended it to mean, as though the work were a sealed letter and criticism the act of opening it. The temptation is understandable, since intentions do govern most of what we make and say. Yet a strand of twentieth-century criticism insisted that, once a work is finished and released, the author's private aims cease to be the arbiter of its meaning. On this view the poem is a public object made of language, and language carries implications its user may neither have foreseen nor endorsed. A reader who recovers a documented intention has learned something about the poet's biography, not necessarily something decisive about the poem.

The argument is easy to caricature as a licence for arbitrary reading, but its careful proponents claimed no such thing. They distinguished the meaning of a work from the occasion of its composition, and held that evidence internal to the text, its diction, structure, and the conventions it invokes, constrains interpretation more tightly than any appeal to what the author confided in a letter. Where internal and external evidence agree, the appeal to intention is redundant; where they conflict, it is the text, not the confession, that the critic is professionally bound to honour. Intention, in short, is neither available nor desirable as a final standard of literary judgement.

Critics of this position have replied that meaning without a meaner is incoherent, and that to strip intention from interpretation is to reduce reading to the free play of association. The reply has force against the caricature but less against the original claim, which never denied that someone meant something, only that the someone's report settles the question. A more searching objection notes that the very conventions the text invokes are themselves the sediment of countless past intentions, so that intention returns, collectivised, at the level of the language itself. The debate, then, is less about whether intention matters than about whose intention, and at what remove, a competent reading is obliged to reconstruct.

**It can be inferred that the 'more searching objection' differs from the simpler reply that precedes it because it:**",,275,,,,4,,abandons the appeal to textual evidence and defends interpretation as the reader's free play of association,denies outright that any individual author ever meant anything determinate by the words chosen for a poem,rests on the premise that a work can carry no meaning at all unless a single mind stands directly behind it,grants the priority given to the text while relocating intention to the conventions the language carries,,,VARC/reading-comprehension,1
VARC,VARC-RC1,4,mcsc,markdown,"**Read the following passage carefully and answer the question that follows.**

When we ask what a poem means, we are tempted to reach for what its author intended it to mean, as though the work were a sealed letter and criticism the act of opening it. The temptation is understandable, since intentions do govern most of what we make and say. Yet a strand of twentieth-century criticism insisted that, once a work is finished and released, the author's private aims cease to be the arbiter of its meaning. On this view the poem is a public object made of language, and language carries implications its user may neither have foreseen nor endorsed. A reader who recovers a documented intention has learned something about the poet's biography, not necessarily something decisive about the poem.

The argument is easy to caricature as a licence for arbitrary reading, but its careful proponents claimed no such thing. They distinguished the meaning of a work from the occasion of its composition, and held that evidence internal to the text, its diction, structure, and the conventions it invokes, constrains interpretation more tightly than any appeal to what the author confided in a letter. Where internal and external evidence agree, the appeal to intention is redundant; where they conflict, it is the text, not the confession, that the critic is professionally bound to honour. Intention, in short, is neither available nor desirable as a final standard of literary judgement.

Critics of this position have replied that meaning without a meaner is incoherent, and that to strip intention from interpretation is to reduce reading to the free play of association. The reply has force against the caricature but less against the original claim, which never denied that someone meant something, only that the someone's report settles the question. A more searching objection notes that the very conventions the text invokes are themselves the sediment of countless past intentions, so that intention returns, collectivised, at the level of the language itself. The debate, then, is less about whether intention matters than about whose intention, and at what remove, a competent reading is obliged to reconstruct.

**The author calls the appeal to intention 'redundant' when evidence agrees and to be overruled when evidence conflicts chiefly in order to:**",,270,,,,1,,show that on either alignment of the evidence the author's intention does no decisive work,establish the separate point that authors are habitually unreliable witnesses to their own real aims,suggest that external evidence about a work is nearly always misleading and is best set entirely aside,concede that in a narrow range of disputes an author's own stated intention does settle the reading,,,VARC/reading-comprehension,1
VARC,VARC-RC1,5,mcsc,markdown,"**Read the following passage carefully and answer the question that follows.**

When we ask what a poem means, we are tempted to reach for what its author intended it to mean, as though the work were a sealed letter and criticism the act of opening it. The temptation is understandable, since intentions do govern most of what we make and say. Yet a strand of twentieth-century criticism insisted that, once a work is finished and released, the author's private aims cease to be the arbiter of its meaning. On this view the poem is a public object made of language, and language carries implications its user may neither have foreseen nor endorsed. A reader who recovers a documented intention has learned something about the poet's biography, not necessarily something decisive about the poem.

The argument is easy to caricature as a licence for arbitrary reading, but its careful proponents claimed no such thing. They distinguished the meaning of a work from the occasion of its composition, and held that evidence internal to the text, its diction, structure, and the conventions it invokes, constrains interpretation more tightly than any appeal to what the author confided in a letter. Where internal and external evidence agree, the appeal to intention is redundant; where they conflict, it is the text, not the confession, that the critic is professionally bound to honour. Intention, in short, is neither available nor desirable as a final standard of literary judgement.

Critics of this position have replied that meaning without a meaner is incoherent, and that to strip intention from interpretation is to reduce reading to the free play of association. The reply has force against the caricature but less against the original claim, which never denied that someone meant something, only that the someone's report settles the question. A more searching objection notes that the very conventions the text invokes are themselves the sediment of countless past intentions, so that intention returns, collectivised, at the level of the language itself. The debate, then, is less about whether intention matters than about whose intention, and at what remove, a competent reading is obliged to reconstruct.

**Which of the following claims about the debate is fully supported by the passage?**",,280,,,,2,,The passage shows that intention of every kind can be dispensed with once a text is complete,"The live question is which intentions, and how far mediated, a competent reading must reconstruct",The critics have demonstrated that the anti-intention view collapses into arbitrary reading,The passage concludes that an individual author's intention proves indispensable to interpretation after all,,,VARC/reading-comprehension,1
VARC,VARC-RC2,1,mcsc,markdown,"**Read the following passage carefully and answer the question that follows.**

For a generation, the standard verdict on shared resources was pessimistic: where no one owns a pasture, a fishery, or an aquifer, each user has an incentive to take as much as possible before a rival does, and the resource is ruined by the sum of individually rational choices. The remedy seemed to follow with the force of a theorem. Either the state must regulate the resource from above, or it must be carved into private parcels whose owners will husband what they hold. Between the regulator and the auctioneer there appeared to be no third path.

Field research complicated the theorem. In mountain villages, coastal fisheries, and irrigation systems that had endured for centuries, users had neither nationalised nor privatised their commons, yet had not destroyed them either. Instead they had crafted their own rules: who could harvest, when, how much, and what would befall a cheat. These arrangements were neither spontaneous nor costless. They depended on the users being able to monitor one another, to communicate, to revise the rules as conditions changed, and to impose graduated penalties that punished a first offence lightly and a repeated one severely. Where such conditions were absent, the pessimistic prediction often held.

The lesson was not that the original model was false, but that it described one case rather than the general one. The model assumed users who could not talk, could not watch, and could not bind themselves, and for such users the grim conclusion does follow. Real communities are frequently able to do all three, and the capacity to make and enforce local agreements is itself a resource, one that erodes if outsiders, however well intentioned, override it. A government that replaces a working local arrangement with a uniform national rule may extinguish the very monitoring and trust on which restraint depended, and so produce the tragedy it meant to prevent.

**Which of the following best states the central argument of the passage?**",,235,,,,1,,"Communities can sometimes govern shared resources by self-made rules, so the pessimistic model fits a special case",State regulation from above is shown to be the single most dependable remedy for the overuse of any common resource,"Traditional rural communities, unlike modern states, essentially never deplete the natural resources placed in their care",Shared resources are inevitably destroyed unless they are divided up into privately owned parcels by their own users,,,VARC/reading-comprehension,0.5
VARC,VARC-RC2,2,mcsc,markdown,"**Read the following passage carefully and answer the question that follows.**

For a generation, the standard verdict on shared resources was pessimistic: where no one owns a pasture, a fishery, or an aquifer, each user has an incentive to take as much as possible before a rival does, and the resource is ruined by the sum of individually rational choices. The remedy seemed to follow with the force of a theorem. Either the state must regulate the resource from above, or it must be carved into private parcels whose owners will husband what they hold. Between the regulator and the auctioneer there appeared to be no third path.

Field research complicated the theorem. In mountain villages, coastal fisheries, and irrigation systems that had endured for centuries, users had neither nationalised nor privatised their commons, yet had not destroyed them either. Instead they had crafted their own rules: who could harvest, when, how much, and what would befall a cheat. These arrangements were neither spontaneous nor costless. They depended on the users being able to monitor one another, to communicate, to revise the rules as conditions changed, and to impose graduated penalties that punished a first offence lightly and a repeated one severely. Where such conditions were absent, the pessimistic prediction often held.

The lesson was not that the original model was false, but that it described one case rather than the general one. The model assumed users who could not talk, could not watch, and could not bind themselves, and for such users the grim conclusion does follow. Real communities are frequently able to do all three, and the capacity to make and enforce local agreements is itself a resource, one that erodes if outsiders, however well intentioned, override it. A government that replaces a working local arrangement with a uniform national rule may extinguish the very monitoring and trust on which restraint depended, and so produce the tragedy it meant to prevent.

**The passage credits the durable commons arrangements with all of the following features EXCEPT:**",,225,,,,4,,provisions allowing the governing rules to be revised as surrounding conditions change,penalties that fall lightly on a first offence and grow heavier when the offence is repeated,the ability of users to keep watch on one another and to communicate about the resource,the assignment of a separately owned private parcel of the resource to each individual user,,,VARC/reading-comprehension,0.5
VARC,VARC-RC2,3,mcsc,markdown,"**Read the following passage carefully and answer the question that follows.**

For a generation, the standard verdict on shared resources was pessimistic: where no one owns a pasture, a fishery, or an aquifer, each user has an incentive to take as much as possible before a rival does, and the resource is ruined by the sum of individually rational choices. The remedy seemed to follow with the force of a theorem. Either the state must regulate the resource from above, or it must be carved into private parcels whose owners will husband what they hold. Between the regulator and the auctioneer there appeared to be no third path.

Field research complicated the theorem. In mountain villages, coastal fisheries, and irrigation systems that had endured for centuries, users had neither nationalised nor privatised their commons, yet had not destroyed them either. Instead they had crafted their own rules: who could harvest, when, how much, and what would befall a cheat. These arrangements were neither spontaneous nor costless. They depended on the users being able to monitor one another, to communicate, to revise the rules as conditions changed, and to impose graduated penalties that punished a first offence lightly and a repeated one severely. Where such conditions were absent, the pessimistic prediction often held.

The lesson was not that the original model was false, but that it described one case rather than the general one. The model assumed users who could not talk, could not watch, and could not bind themselves, and for such users the grim conclusion does follow. Real communities are frequently able to do all three, and the capacity to make and enforce local agreements is itself a resource, one that erodes if outsiders, however well intentioned, override it. A government that replaces a working local arrangement with a uniform national rule may extinguish the very monitoring and trust on which restraint depended, and so produce the tragedy it meant to prevent.

**The author observes that a well-meaning government can 'produce the tragedy it meant to prevent' mainly in order to:**",,268,,,,1,,warn that overriding a working local arrangement can destroy the conditions that sustained restraint,"argue that governments are, almost as a rule, indifferent to whether shared resources survive or collapse",claim that locally made rules are plainly superior to state rules in virtually every respect and setting,show that dividing a resource into private holdings will reliably outperform any centrally imposed public rule,,,VARC/reading-comprehension,1
VARC,VARC-RC2,4,mcsc,markdown,"**Read the following passage carefully and answer the question that follows.**

For a generation, the standard verdict on shared resources was pessimistic: where no one owns a pasture, a fishery, or an aquifer, each user has an incentive to take as much as possible before a rival does, and the resource is ruined by the sum of individually rational choices. The remedy seemed to follow with the force of a theorem. Either the state must regulate the resource from above, or it must be carved into private parcels whose owners will husband what they hold. Between the regulator and the auctioneer there appeared to be no third path.

Field research complicated the theorem. In mountain villages, coastal fisheries, and irrigation systems that had endured for centuries, users had neither nationalised nor privatised their commons, yet had not destroyed them either. Instead they had crafted their own rules: who could harvest, when, how much, and what would befall a cheat. These arrangements were neither spontaneous nor costless. They depended on the users being able to monitor one another, to communicate, to revise the rules as conditions changed, and to impose graduated penalties that punished a first offence lightly and a repeated one severely. Where such conditions were absent, the pessimistic prediction often held.

The lesson was not that the original model was false, but that it described one case rather than the general one. The model assumed users who could not talk, could not watch, and could not bind themselves, and for such users the grim conclusion does follow. Real communities are frequently able to do all three, and the capacity to make and enforce local agreements is itself a resource, one that erodes if outsiders, however well intentioned, override it. A government that replaces a working local arrangement with a uniform national rule may extinguish the very monitoring and trust on which restraint depended, and so produce the tragedy it meant to prevent.

**The author's stance toward the original pessimistic model is best described as:**",,272,,,,4,,full endorsement of it as a fixed law that governs shared resources in every setting,"studied indifference, on the ground that the model's assumptions are said to be untestable",outright rejection of it as an account that field evidence has now proved plainly false,"qualified acceptance, treating it as accurate for a restricted range of conditions",,,VARC/reading-comprehension,1
VARC,VARC-ODD-1,1,mcsc,markdown,"Five sentences are given below. Four of them combine to form a single coherent paragraph; one does not belong. Read the sentences and identify the misfit.

(1) A tidal wetland acts as a natural buffer, absorbing the energy of incoming storm surges before they reach inland settlements.
(2) Its dense mat of roots binds loose sediment, so the shoreline erodes far more slowly than an unvegetated coast would.
(3) The same roots filter runoff, trapping pollutants that would otherwise flow straight into open water.
(4) Because of these functions, planners increasingly treat wetlands as infrastructure rather than as idle land.
(5) Modern desalination plants can convert seawater into drinking water at a steadily falling cost per litre.

**Which sentence is the odd one out?**",,150,,,,3,,(3),(4),(5),(2),(1),,VARC/odd-one-out,0.5
VARC,VARC-ODD-2,1,mcsc,markdown,"Five sentences are given below. Four of them combine to form a single coherent paragraph; one does not belong. Read the sentences and identify the misfit.

(1) When a folk tale passes from one teller to the next, small changes creep in with every retelling.
(2) A teller may drop a name, sharpen a joke, or shift the setting to a place the listeners know.
(3) Over generations these tiny edits accumulate into strikingly different versions of one story.
(4) Scholars can sometimes trace those versions back to a shared ancestor by comparing their fixed motifs.
(5) Printing presses lowered the price of books so sharply that private libraries became common.

**Which sentence is the odd one out?**",,150,,,,4,,(2),(1),(3),(5),(4),,VARC/odd-one-out,0.5
VARC,VARC-ODD-3,1,mcsc,markdown,"Five sentences are given below. Four of them combine to form a single coherent paragraph; one does not belong. Read the sentences and identify the misfit.

(1) A scientific model is deliberately simpler than the reality it represents, keeping only the features that matter for a given question.
(2) By stripping away detail, it lets researchers reason about a system that would otherwise be too tangled to follow.
(3) The value of a model therefore lies not in its completeness but in the useful predictions it yields.
(4) A model that reproduced every detail of the world would be as hard to understand as the world itself.
(5) A well-designed model can be tested against fresh observations and discarded the moment it fails to predict them.

**Which sentence is the odd one out?**",,200,,,,1,,(5),(2),(1),(3),(4),,VARC/odd-one-out,1
VARC,VARC-ODD-4,1,mcsc,markdown,"Five sentences are given below. Four of them combine to form a single coherent paragraph; one does not belong. Read the sentences and identify the misfit.

(1) A currency holds its value only because the people using it expect others to accept it tomorrow.
(2) That expectation is a shared belief, sustained by habit and by trust in the issuing authority.
(3) When the belief weakens, holders rush to spend, and prices climb faster than the notes can be printed.
(4) A sudden loss of confidence can thus unravel a currency long before any change in the goods it can buy.
(5) Central banks set interest rates to steer how much borrowing and lending take place across the economy.

**Which sentence is the odd one out?**",,200,,,,2,,(4),(5),(2),(1),(3),,VARC/odd-one-out,1
VARC,VARC-JUMBLE-1,1,mcsc,markdown,"The four sentences below, labelled 1 to 4, have been jumbled. Arrange them to form a coherent paragraph.

1. Every autumn, millions of songbirds leave the cooling north for warmer southern feeding grounds.
2. To survive the journey, each bird nearly doubles its body weight by gorging on insects and berries beforehand.
3. This stored fat becomes the fuel that powers days of almost continuous flight.
4. Without it, a small migrant could not cross the wide deserts and seas that lie along the route.

**Select the correct order.**",,150,,,,4,,2134,1324,1243,1234,,,VARC/para-jumble,0.5
VARC,VARC-JUMBLE-2,1,mcsc,markdown,"The four sentences below, labelled 1 to 4, have been jumbled. Arrange them to form a coherent paragraph.

1. A public library began, in most towns, as a single donated room lined with second-hand books.
2. As demand grew, the room acquired a paid keeper who lent volumes and tracked their return.
3. That keeper slowly became a trained profession, with rules for cataloguing and preserving the collection.
4. Today those same rules underpin vast digital archives that no single room could ever hold.

**Select the correct order.**",,150,,,,4,,1324,1243,2134,1234,,,VARC/para-jumble,0.5
VARC,VARC-JUMBLE-3,1,mcsc,markdown,"The four sentences below, labelled 1 to 4, have been jumbled. Arrange them to form a coherent paragraph.

1. Critics once dismissed the invention as a toy with no serious use.
2. Its defenders replied that the same had been said of the telephone in its first decade.
3. They pointed out that such judgements track familiarity, not the real limits of a device.
4. History, they argued, rarely rewards those who mistake a rough prototype for a finished tool.

**Select the correct order.**",,220,,,,2,,1324,1234,2134,1243,,,VARC/para-jumble,1
VARC,VARC-JUMBLE-4,1,mcsc,markdown,"The four sentences below, labelled 1 to 4, have been jumbled. Arrange them to form a coherent paragraph.

1. A map must leave things out, for a chart that showed every detail would be useless.
2. Yet what it leaves out is never neutral, since each omission quietly reflects the mapmaker's priorities.
3. Such choices, repeated across thousands of maps, shape how a whole society pictures its own territory.
4. For this reason a map is best read not only as a guide but as an argument about what deserves notice.

**Select the correct order.**",,220,,,,3,,2134,1324,1234,1243,,,VARC/para-jumble,1
VARC,VARC-JUMBLE-5,1,mcsc,markdown,"The four sentences below, labelled 1 to 4, have been jumbled. Arrange them to form a coherent paragraph.

1. Silence in a conversation is often read as a gap, an awkward failure to keep talking.
2. In many cultures, however, it carries meaning as rich as any spoken reply.
3. There a considered pause signals respect, telling the other that the question deserved real thought.
4. To fill that pause too quickly can therefore seem not friendly but careless.

**Select the correct order.**",,220,,,,2,,1243,1234,2134,1324,,,VARC/para-jumble,1
VARC,VARC-SUMMARY-1,1,mcsc,markdown,"**Read the paragraph given below and answer the question that follows.**

Many species that appear wasteful are in fact insuring themselves against bad years. An oak may drop thousands of acorns although only a handful can ever grow into trees, because the surplus swamps the animals that eat them and guarantees that a few seeds survive in almost any season. What looks like extravagance is a hedge: by producing far more than the average conditions require, the tree buys protection against the years when conditions are worst.

**Which option best summarises the paragraph?**",,170,,,,1,,"Apparent overproduction in nature is often a safeguard, letting a species survive poor years by making far more offspring than good conditions alone would need.",Animals that feed on seeds are usually overwhelmed by the sheer number a plant produces and so fail to eat the entire crop.,Oak trees drop many thousands of acorns every single year even though almost none of those scattered acorns will ever manage to grow into a mature standing tree.,"Nature tends to be wasteful, and much of what living things produce serves no real purpose beyond simple excess.",,,VARC/summary,0.5
VARC,VARC-SUMMARY-2,1,mcsc,markdown,"**Read the paragraph given below and answer the question that follows.**

A new road built to relieve congestion often ends up just as crowded as before. The extra capacity lowers the effective cost of driving, so people who once avoided the trip, took the train, or travelled at odd hours now join the traffic. Within a few years the freed-up space fills again, and the promised relief quietly disappears even though the road itself was built exactly as planned.

**Which option best summarises the paragraph?**",,170,,,,2,,"Roads are frequently built exactly to their original plans, yet the traffic engineers still misjudge how drivers will respond.","Adding road capacity tends to attract new trips that fill the space, so the expected easing of congestion often fails to last.",Traffic congestion is one of the most stubborn and expensive problems that fast-growing modern cities are forced to confront.,People who used to take the train will switch to driving as soon as a wider and more convenient road becomes available to them.,,,VARC/summary,0.5
VARC,VARC-SUMMARY-3,1,mcsc,markdown,"**Read the paragraph given below and answer the question that follows.**

Learning a second language as an adult rarely produces a flawless accent, yet the effort is far from wasted. Even partial fluency reshapes how the learner hears speech, sharpens attention to grammar in the first language, and opens doors to texts and people that were closed before. The goal need not be to pass as a native; the practical and mental gains arrive long before that distant point.

**Which option best summarises the paragraph?**",,170,,,,3,,Studying grammar in a new language happens to sharpen a learner's awareness of the grammar of their own first language.,Reaching the fluent level of a genuine native speaker is really the one true and proper measure of success for anyone setting out to learn a new foreign language.,"Adult language learning brings real practical and mental benefits well before fluency, so a perfect accent need not be the aim.",Adults who study a second language almost never manage to acquire an accent that a native speaker would accept as flawless.,,,VARC/summary,0.5
VARC,VARC-SUMMARY-4,1,mcsc,markdown,"**Read the paragraph given below and answer the question that follows.**

Rating systems promise to guide us toward quality, but a high average can mislead as easily as it informs. A product reviewed by only a dozen buyers may score higher than a rival reviewed by thousands, not because it is better but because a small sample swings more wildly. Worse, the people who bother to rate are rarely typical: the delighted and the furious speak up while the merely satisfied stay silent. A score, then, summarises not the product alone but the peculiar crowd that chose to judge it, and reading it wisely means asking who did the rating before trusting what they said.

**Which option best summarises the paragraph?**",,240,,,,4,,A product judged by only a handful of reviewers can post a higher average than a rival that thousands of buyers have carefully rated.,"Rating systems were originally designed to steer ordinary shoppers toward higher quality goods, and for the most part they seem to carry out that useful task quite reliably.",People who feel delighted or furious about a purchase are much more likely to leave a review than those who feel merely satisfied.,"Average ratings can mislead because small samples fluctuate and reviewers are unrepresentative, so a score reflects who rated as much as the product.",,,VARC/summary,1
VARC,VARC-SUMMARY-5,1,mcsc,markdown,"**Read the paragraph given below and answer the question that follows.**

We tend to praise the lone inventor, but most breakthroughs are less a single leap than a last step. By the time a discovery is announced, dozens of others have usually reached the same threshold, held back only by a missing tool or an unasked question. The celebrated name is often simply the one who arrived days ahead, or who framed the result in words the age was ready to hear. To credit a single mind, then, is to mistake the visible tip of a long collective effort for the whole of it.

**Which option best summarises the paragraph?**",,240,,,,2,,"The lone individual inventor still fully deserves the praise that we give, because framing a raw result in exactly the right words is itself the single hardest part of any discovery.","Great discoveries are usually the final step of a wide shared effort, so crediting one inventor mistakes a visible moment for the whole.",A breakthrough is frequently delayed by nothing more than a missing instrument or a question that no one has yet thought to ask.,Whoever announces a discovery first has often arrived only a few days ahead of several rivals working on the very same problem.,,,VARC/summary,1
VARC,VARC-SUMMARY-6,1,mcsc,markdown,"**Read the paragraph given below and answer the question that follows.**

A law that everyone quietly ignores can be more corrosive than no law at all. When a rule is kept on the books but never enforced, it does not simply lie dormant; it teaches citizens that the written word and the real world need not match. Each unpunished breach makes the next one easier to excuse, and over time the habit of selective obedience spreads to rules that were meant to bind. The damage lies less in the single ignored statute than in the lesson it spreads about how seriously any law should be taken.

**Which option best summarises the paragraph?**",,240,,,,2,,"Once one violation of a statute goes unpunished, excusing the next similar violation becomes noticeably easier to justify.","An unenforced law erodes respect for law in general, because tolerating its breach teaches that rules need not be obeyed.",Lawmakers should take care to repeal statutes they no longer intend to enforce rather than leaving them on the books.,A rule that stays on the books without ever being enforced does not vanish but quietly remains available for later use.,,,VARC/summary,1
DILR,DILR-1,1,mcsc,markdown,"**Read the information given below and answer the question that follows.**

Five employees, Mira, Omar, Priya, Rehan and Sana, sit at a row of five desks numbered 1 to 5 from left to right. Each works in exactly one of five departments (Finance, Legal, Sales, Tech, HR), and each has a distinct number of years of experience drawn from 2, 4, 6, 8 and 10.

- The Finance employee sits immediately to the left of the Legal employee.
- Priya has more experience than exactly three of her colleagues.
- The Tech employee has the least experience.
- Omar sits at desk 3 and works in Finance.
- Sana has exactly 4 years more experience than the Sales employee, and Sana does not work in Sales.
- The employee at desk 1 has 6 years of experience.
- Mira sits somewhere to the right of Rehan.
- The HR employee sits at desk 5.
- The Legal employee has 8 years of experience.

**Which employee sits at desk 4?**",,360,,,,3,,Sana,Mira,Priya,Omar,,,DILR/logic-tournament,1
DILR,DILR-1,2,mcsc,markdown,"**Read the information given below and answer the question that follows.**

Five employees, Mira, Omar, Priya, Rehan and Sana, sit at a row of five desks numbered 1 to 5 from left to right. Each works in exactly one of five departments (Finance, Legal, Sales, Tech, HR), and each has a distinct number of years of experience drawn from 2, 4, 6, 8 and 10.

- The Finance employee sits immediately to the left of the Legal employee.
- Priya has more experience than exactly three of her colleagues.
- The Tech employee has the least experience.
- Omar sits at desk 3 and works in Finance.
- Sana has exactly 4 years more experience than the Sales employee, and Sana does not work in Sales.
- The employee at desk 1 has 6 years of experience.
- Mira sits somewhere to the right of Rehan.
- The HR employee sits at desk 5.
- The Legal employee has 8 years of experience.

**The employee with 10 years of experience works in which department?**",,330,,,,1,,HR,Finance,Sales,Legal,,,DILR/logic-tournament,1
DILR,DILR-1,3,mcsc,markdown,"**Read the information given below and answer the question that follows.**

Five employees, Mira, Omar, Priya, Rehan and Sana, sit at a row of five desks numbered 1 to 5 from left to right. Each works in exactly one of five departments (Finance, Legal, Sales, Tech, HR), and each has a distinct number of years of experience drawn from 2, 4, 6, 8 and 10.

- The Finance employee sits immediately to the left of the Legal employee.
- Priya has more experience than exactly three of her colleagues.
- The Tech employee has the least experience.
- Omar sits at desk 3 and works in Finance.
- Sana has exactly 4 years more experience than the Sales employee, and Sana does not work in Sales.
- The employee at desk 1 has 6 years of experience.
- Mira sits somewhere to the right of Rehan.
- The HR employee sits at desk 5.
- The Legal employee has 8 years of experience.

**Suppose Omar and Priya exchange only their departments, keeping their desks and their years of experience unchanged. Which statement would then become true?**",,400,,,,2,,The Tech employee would end up with the most experience overall.,The Finance and Legal employees would no longer sit adjacently.,The employee at desk 1 would then work in the Legal department.,Exactly two of the five employees would then share one department.,,,DILR/logic-tournament,1
DILR,DILR-1,4,mcsc,markdown,"**Read the information given below and answer the question that follows.**

Five employees, Mira, Omar, Priya, Rehan and Sana, sit at a row of five desks numbered 1 to 5 from left to right. Each works in exactly one of five departments (Finance, Legal, Sales, Tech, HR), and each has a distinct number of years of experience drawn from 2, 4, 6, 8 and 10.

- The Finance employee sits immediately to the left of the Legal employee.
- Priya has more experience than exactly three of her colleagues.
- The Tech employee has the least experience.
- Omar sits at desk 3 and works in Finance.
- Sana has exactly 4 years more experience than the Sales employee, and Sana does not work in Sales.
- The employee at desk 1 has 6 years of experience.
- Mira sits somewhere to the right of Rehan.
- The HR employee sits at desk 5.
- The Legal employee has 8 years of experience.

**What is the combined experience, in years, of the Finance employee and the Legal employee?**",,300,,,,1,,12,16,10,14,,,DILR/logic-tournament,1
DILR,DILR-2,1,mcsc,markdown,"**Read the information given below and answer the question that follows.**

Four flights, operated by the airlines Aster, Birch, Cedar and Delta, depart one after another from a regional airport, no two at the same time. Each flight goes to a different city among Lisbon, Cairo, Oslo and Tokyo.

- Aster departs earlier than Birch.
- The flight to Tokyo departs first.
- Cedar flies to Cairo.
- The flight to Oslo departs immediately after the flight to Lisbon.
- Delta departs third.
- Cedar departs earlier than Delta.

**Which airline operates the last flight to depart?**",,260,,,,4,,Aster,Delta,Cedar,Birch,,,DILR/logic-quiz-scores,0.5
DILR,DILR-2,2,mcsc,markdown,"**Read the information given below and answer the question that follows.**

Four flights, operated by the airlines Aster, Birch, Cedar and Delta, depart one after another from a regional airport, no two at the same time. Each flight goes to a different city among Lisbon, Cairo, Oslo and Tokyo.

- Aster departs earlier than Birch.
- The flight to Tokyo departs first.
- Cedar flies to Cairo.
- The flight to Oslo departs immediately after the flight to Lisbon.
- Delta departs third.
- Cedar departs earlier than Delta.

**To which city does Delta fly?**",,275,,,,1,,Lisbon,Cairo,Tokyo,Oslo,,,DILR/logic-quiz-scores,0.5
DILR,DILR-2,3,mcsc,markdown,"**Read the information given below and answer the question that follows.**

Four flights, operated by the airlines Aster, Birch, Cedar and Delta, depart one after another from a regional airport, no two at the same time. Each flight goes to a different city among Lisbon, Cairo, Oslo and Tokyo.

- Aster departs earlier than Birch.
- The flight to Tokyo departs first.
- Cedar flies to Cairo.
- The flight to Oslo departs immediately after the flight to Lisbon.
- Delta departs third.
- Cedar departs earlier than Delta.

**Suppose the airport swaps the departure slots of the two flights currently in the second and fourth positions, leaving every destination with its own aircraft unchanged. After the swap, the flight to which city departs immediately before the flight to Oslo?**",,345,,,,3,,Cairo,Oslo,Tokyo,Lisbon,,,DILR/logic-quiz-scores,1
DILR,DILR-3,1,mcsc,markdown,"**Study the data given below and answer the question that follows.**

A tour operator sells three package types across four cities. Table 1 gives the number of packages sold (in thousands) and Table 2 gives the price per package (in thousand rupees). Revenue for any cell = packages sold (in '000) x price per package (in '000 rupees), so all revenue figures are in millions of rupees.

**Packages sold (in thousands)**

| Package | Jaipur | Kochi | Shimla | Goa |
|---|--:|--:|--:|--:|
| Heritage | 4 | 10 | 8 | 6 |
| Coastal | 30 | 8 | 5 | 4 |
| Mountain | 2 | 6 | 10 | 20 |

**Price per package (in thousand rupees)**

| Package | Jaipur | Kochi | Shimla | Goa |
|---|--:|--:|--:|--:|
| Heritage | 20 | 22 | 25 | 18 |
| Coastal | 15 | 16 | 14 | 12 |
| Mountain | 30 | 28 | 26 | 24 |

**What is the total revenue earned from Coastal packages across all four cities?**",,300,,,,3,,664 million rupees,720 million rupees,696 million rupees,648 million rupees,,,DILR/di-table,1
DILR,DILR-3,2,mcsc,markdown,"**Study the data given below and answer the question that follows.**

A tour operator sells three package types across four cities. Table 1 gives the number of packages sold (in thousands) and Table 2 gives the price per package (in thousand rupees). Revenue for any cell = packages sold (in '000) x price per package (in '000 rupees), so all revenue figures are in millions of rupees.

**Packages sold (in thousands)**

| Package | Jaipur | Kochi | Shimla | Goa |
|---|--:|--:|--:|--:|
| Heritage | 4 | 10 | 8 | 6 |
| Coastal | 30 | 8 | 5 | 4 |
| Mountain | 2 | 6 | 10 | 20 |

**Price per package (in thousand rupees)**

| Package | Jaipur | Kochi | Shimla | Goa |
|---|--:|--:|--:|--:|
| Heritage | 20 | 22 | 25 | 18 |
| Coastal | 15 | 16 | 14 | 12 |
| Mountain | 30 | 28 | 26 | 24 |

**The ratio of total Mountain revenue to total Heritage revenue (across all cities) is closest to which of the following?**",,340,,,,3,,7 : 4,3 : 2,8 : 5,5 : 3,,,DILR/di-table,1
DILR,DILR-3,3,mcsc,markdown,"**Study the data given below and answer the question that follows.**

A tour operator sells three package types across four cities. Table 1 gives the number of packages sold (in thousands) and Table 2 gives the price per package (in thousand rupees). Revenue for any cell = packages sold (in '000) x price per package (in '000 rupees), so all revenue figures are in millions of rupees.

**Packages sold (in thousands)**

| Package | Jaipur | Kochi | Shimla | Goa |
|---|--:|--:|--:|--:|
| Heritage | 4 | 10 | 8 | 6 |
| Coastal | 30 | 8 | 5 | 4 |
| Mountain | 2 | 6 | 10 | 20 |

**Price per package (in thousand rupees)**

| Package | Jaipur | Kochi | Shimla | Goa |
|---|--:|--:|--:|--:|
| Heritage | 20 | 22 | 25 | 18 |
| Coastal | 15 | 16 | 14 | 12 |
| Mountain | 30 | 28 | 26 | 24 |

**Which city has the lowest overall average price per package (total revenue divided by total packages sold)?**",,400,,,,4,,Goa,Shimla,Kochi,Jaipur,,,DILR/di-table,1
DILR,DILR-3,4,mcsc,markdown,"**Study the data given below and answer the question that follows.**

A tour operator sells three package types across four cities. Table 1 gives the number of packages sold (in thousands) and Table 2 gives the price per package (in thousand rupees). Revenue for any cell = packages sold (in '000) x price per package (in '000 rupees), so all revenue figures are in millions of rupees.

**Packages sold (in thousands)**

| Package | Jaipur | Kochi | Shimla | Goa |
|---|--:|--:|--:|--:|
| Heritage | 4 | 10 | 8 | 6 |
| Coastal | 30 | 8 | 5 | 4 |
| Mountain | 2 | 6 | 10 | 20 |

**Price per package (in thousand rupees)**

| Package | Jaipur | Kochi | Shimla | Goa |
|---|--:|--:|--:|--:|
| Heritage | 20 | 22 | 25 | 18 |
| Coastal | 15 | 16 | 14 | 12 |
| Mountain | 30 | 28 | 26 | 24 |

**By how much does Goa's total revenue exceed Kochi's total revenue?**",,290,,,,2,,96 million rupees,120 million rupees,132 million rupees,108 million rupees,,,DILR/di-table,1
DILR,DILR-4,1,mcsc,markdown,"**Read the information given below and answer the question that follows.**

A cultural trust runs four community centres, named Aster, Birch, Cedar and Dune. Over one season the four centres together host a total of exactly 26 workshops. Each centre hosts a different whole number of workshops, and each hosts between 3 and 10 workshops (both inclusive). Separately, the four centres open for the season in four different months, one each in March, April, May and June.

The following facts are known about the workshop counts:

- Aster hosts more workshops than every other centre, and Dune hosts fewer than every other centre.
- Birch hosts more workshops than Cedar.
- Cedar hosts exactly 6 workshops.
- Aster hosts an odd number of workshops.
- Aster hosts exactly two more workshops than Birch.

The following facts are known about the opening months:

- Cedar opens in the earliest of the four months, and Birch opens in the latest of the four months.
- Aster opens in an earlier month than Dune.

**How many workshops does Dune host?**",,280,,,,1,,4,9,7,6,,,DILR/logic-constraints,0.5
DILR,DILR-4,2,mcsc,markdown,"**Read the information given below and answer the question that follows.**

A cultural trust runs four community centres, named Aster, Birch, Cedar and Dune. Over one season the four centres together host a total of exactly 26 workshops. Each centre hosts a different whole number of workshops, and each hosts between 3 and 10 workshops (both inclusive). Separately, the four centres open for the season in four different months, one each in March, April, May and June.

The following facts are known about the workshop counts:

- Aster hosts more workshops than every other centre, and Dune hosts fewer than every other centre.
- Birch hosts more workshops than Cedar.
- Cedar hosts exactly 6 workshops.
- Aster hosts an odd number of workshops.
- Aster hosts exactly two more workshops than Birch.

The following facts are known about the opening months:

- Cedar opens in the earliest of the four months, and Birch opens in the latest of the four months.
- Aster opens in an earlier month than Dune.

**Which centre opens in the third of the four months?**",,300,,,,4,,Cedar,Birch,Aster,Dune,,,DILR/logic-constraints,1
DILR,DILR-4,3,mcsc,markdown,"**Read the information given below and answer the question that follows.**

A cultural trust runs four community centres, named Aster, Birch, Cedar and Dune. Over one season the four centres together host a total of exactly 26 workshops. Each centre hosts a different whole number of workshops, and each hosts between 3 and 10 workshops (both inclusive). Separately, the four centres open for the season in four different months, one each in March, April, May and June.

The following facts are known about the workshop counts:

- Aster hosts more workshops than every other centre, and Dune hosts fewer than every other centre.
- Birch hosts more workshops than Cedar.
- Cedar hosts exactly 6 workshops.
- Aster hosts an odd number of workshops.
- Aster hosts exactly two more workshops than Birch.

The following facts are known about the opening months:

- Cedar opens in the earliest of the four months, and Birch opens in the latest of the four months.
- Aster opens in an earlier month than Dune.

**Suppose only these workshop facts are kept: the counts are distinct whole numbers from 3 to 10 summing to 26, Aster hosts the most, Dune the fewest, and Birch hosts more than Cedar. The facts fixing Cedar at 6, making Aster odd and setting Aster two above Birch are dropped. How many different count-assignments to the four centres are then possible?**",,340,,,,3,,10,6,8,12,,,DILR/logic-constraints,1
DILR,DILR-4,4,mcsc,markdown,"**Read the information given below and answer the question that follows.**

A cultural trust runs four community centres, named Aster, Birch, Cedar and Dune. Over one season the four centres together host a total of exactly 26 workshops. Each centre hosts a different whole number of workshops, and each hosts between 3 and 10 workshops (both inclusive). Separately, the four centres open for the season in four different months, one each in March, April, May and June.

The following facts are known about the workshop counts:

- Aster hosts more workshops than every other centre, and Dune hosts fewer than every other centre.
- Birch hosts more workshops than Cedar.
- Cedar hosts exactly 6 workshops.
- Aster hosts an odd number of workshops.
- Aster hosts exactly two more workshops than Birch.

The following facts are known about the opening months:

- Cedar opens in the earliest of the four months, and Birch opens in the latest of the four months.
- Aster opens in an earlier month than Dune.

**What is the combined number of workshops hosted by the centre that opens first and the centre that opens last?**",,300,,,,4,,16,11,15,13,,,DILR/logic-constraints,1
DILR,DILR-5,1,mcsc,markdown,"**Read the information given below and answer the question that follows.**

A field consultant visits five clients, named Vernon, Wesley, Xavier, Yara and Zane, over a single working week. She visits exactly one client on each of the five days from Monday to Friday, and no client is visited more than once.

The following conditions all hold:

- Wesley is visited on Monday.
- Zane is visited on the day immediately after the day on which Xavier is visited.
- Xavier is visited on an earlier day than Yara.
- Vernon is visited on an earlier day than Xavier.

**Which client does the consultant visit on Friday?**",,260,,,,1,,Yara,Zane,Vernon,Xavier,,,DILR/logic-investment,0.5
DILR,DILR-5,2,mcsc,markdown,"**Read the information given below and answer the question that follows.**

A field consultant visits five clients, named Vernon, Wesley, Xavier, Yara and Zane, over a single working week. She visits exactly one client on each of the five days from Monday to Friday, and no client is visited more than once.

The following conditions all hold:

- Wesley is visited on Monday.
- Zane is visited on the day immediately after the day on which Xavier is visited.
- Xavier is visited on an earlier day than Yara.
- Vernon is visited on an earlier day than Xavier.

**On which day is Xavier visited?**",,260,,,,2,,Tuesday,Wednesday,Monday,Thursday,,,DILR/logic-investment,0.5
DILR,DILR-5,3,mcsc,markdown,"**Read the information given below and answer the question that follows.**

A field consultant visits five clients, named Vernon, Wesley, Xavier, Yara and Zane, over a single working week. She visits exactly one client on each of the five days from Monday to Friday, and no client is visited more than once.

The following conditions all hold:

- Wesley is visited on Monday.
- Zane is visited on the day immediately after the day on which Xavier is visited.
- Xavier is visited on an earlier day than Yara.
- Vernon is visited on an earlier day than Xavier.

**Suppose the condition that Vernon is visited before Xavier is dropped, while the other three conditions still hold. How many different visiting orders for the week are then possible?**",,330,,,,3,,4,5,3,2,,,DILR/logic-investment,1
DILR,DILR-6,1,mcsc,markdown,"**Study the data given below and answer the question that follows.**

A ceramic tile maker ships four tile designs. The first chart shows boxes shipped (in thousands of boxes) and the second shows the price per box (in rupees) for three financial years FY22, FY23 and FY24. Revenue for any design in a year = boxes shipped (in '000) x price per box (in rupees), so all revenue figures are in thousands of rupees.

![chart](https://s13n-curr-images-bucket.s3.ap-south-1.amazonaws.com/imat/2026-07-31/DILR-6_0.png)

![chart](https://s13n-curr-images-bucket.s3.ap-south-1.amazonaws.com/imat/2026-07-31/DILR-6_1.png)

**What is the total revenue from all four designs in FY24?**",,340,,,,3,,"44,300 thousand rupees","46,200 thousand rupees","45,710 thousand rupees","43,950 thousand rupees",,,DILR/di-graph,1
DILR,DILR-6,2,mcsc,markdown,"**Study the data given below and answer the question that follows.**

A ceramic tile maker ships four tile designs. The first chart shows boxes shipped (in thousands of boxes) and the second shows the price per box (in rupees) for three financial years FY22, FY23 and FY24. Revenue for any design in a year = boxes shipped (in '000) x price per box (in rupees), so all revenue figures are in thousands of rupees.

![chart](https://s13n-curr-images-bucket.s3.ap-south-1.amazonaws.com/imat/2026-07-31/DILR-6_0.png)

![chart](https://s13n-curr-images-bucket.s3.ap-south-1.amazonaws.com/imat/2026-07-31/DILR-6_1.png)

**Which design recorded the highest percentage growth in revenue from FY22 to FY24?**",,400,,,,2,,Terra,Onyx,Marble,Slate,,,DILR/di-graph,1
DILR,DILR-6,3,mcsc,markdown,"**Study the data given below and answer the question that follows.**

A ceramic tile maker ships four tile designs. The first chart shows boxes shipped (in thousands of boxes) and the second shows the price per box (in rupees) for three financial years FY22, FY23 and FY24. Revenue for any design in a year = boxes shipped (in '000) x price per box (in rupees), so all revenue figures are in thousands of rupees.

![chart](https://s13n-curr-images-bucket.s3.ap-south-1.amazonaws.com/imat/2026-07-31/DILR-6_0.png)

![chart](https://s13n-curr-images-bucket.s3.ap-south-1.amazonaws.com/imat/2026-07-31/DILR-6_1.png)

**Over the three years, what is Slate's average price per box weighted by the number of boxes shipped?**",,320,,,,3,,215.00 rupees,210.00 rupees,211.33 rupees,213.33 rupees,,,DILR/di-graph,1
DILR,DILR-6,4,mcsc,markdown,"**Study the data given below and answer the question that follows.**

A ceramic tile maker ships four tile designs. The first chart shows boxes shipped (in thousands of boxes) and the second shows the price per box (in rupees) for three financial years FY22, FY23 and FY24. Revenue for any design in a year = boxes shipped (in '000) x price per box (in rupees), so all revenue figures are in thousands of rupees.

![chart](https://s13n-curr-images-bucket.s3.ap-south-1.amazonaws.com/imat/2026-07-31/DILR-6_0.png)

![chart](https://s13n-curr-images-bucket.s3.ap-south-1.amazonaws.com/imat/2026-07-31/DILR-6_1.png)

**By how much did the combined total revenue of all four designs change from FY22 to FY23?**",,360,,,,4,,"increased by 9,780 thousand rupees","increased by 8,900 thousand rupees","increased by 8,320 thousand rupees","increased by 9,320 thousand rupees",,,DILR/di-graph,1
QA,QA-MCQ-1,1,mcsc,text,A trader marks his goods 60% above cost price and then allows two successive discounts of 25% and 20% on the marked price. What is his overall profit or loss percentage?,,200,,,,1,,4% loss,6% loss,4% profit,2% loss,,,QA/quant,0.5
QA,QA-MCQ-2,1,mcsc,text,"A invests Rs 16000 for 9 months, B invests Rs 24000 for 4 months and C invests Rs 12000 for 10 months in a business. If the total annual profit is Rs 9000, what is B's share?",,210,,,,3,,Rs 3600,Rs 3000,Rs 2400,Rs 2000,,,QA/quant,0.5
QA,QA-MCQ-3,1,mcsc,text,A vessel holds 60 litres of a milk and water mixture in which milk and water are in the ratio 5:1. How much water must be added so that the ratio of milk to water becomes 5:2?,,190,,,,2,,12 litres,10 litres,15 litres,8 litres,,,QA/quant,0.5
QA,QA-MCQ-4,1,mcsc,text,A boat covers 36 km downstream in 2 hours and the same 36 km upstream in 3 hours. What is the speed of the stream?,,180,,,,2,,6 km/h,3 km/h,2 km/h,15 km/h,,,QA/quant,0.5
QA,QA-MCQ-5,1,mcsc,text,A can finish a piece of work in 8 days and B can finish the same work in 12 days. They work on alternate days with A starting on the first day. In how many days will the work be completed?,,240,,,,1,,9.5 days,9 days,10 days,8.5 days,,,QA/quant,0.5
QA,QA-MCQ-6,1,mcsc,text,A sum of Rs 8000 is invested at 20% per annum compounded half-yearly for one year. What is the compound interest earned?,,200,,,,4,,Rs 1600,Rs 1728,Rs 1764,Rs 1680,,,QA/quant,0.5
QA,QA-MCQ-7,1,mcsc,text,In how many ways can the letters of the word PENCIL be arranged so that the two vowels E and I are never together?,,220,,,,1,,480,720,240,600,,,QA/quant,0.5
QA,QA-MCQ-8,1,mcsc,text,A bag contains 5 red balls and 4 blue balls. Two balls are drawn at random without replacement. What is the probability that at least one of them is red?,,240,,,,1,,5/6,5/9,1/6,2/3,,,QA/quant,1
QA,QA-MCQ-9,1,mcsc,text,"A solid metallic sphere of radius 6 cm is melted and recast into small cones, each having base radius 2 cm and height 3 cm. How many such cones can be made?",,230,,,,1,,72,36,54,108,,,QA/quant,1
QA,QA-MCQ-10,1,mcsc,text,What is the remainder when 3 raised to the power 101 is divided by 100?,,250,,,,2,,9,3,1,27,,,QA/quant,1
QA,QA-MCQ-11,1,mcsc,text,The sum of the first n terms of an arithmetic progression is given by 3n squared plus 5n. What is the 12th term of this progression?,,220,,,,2,,68,74,80,72,,,QA/quant,1
QA,QA-MCQ-12,1,mcsc,text,"**If a + b + c = 0 and a² + b² + c² = 14, what is the value of a⁴ + b⁴ + c⁴?**",,260,,,,3,,196,49,98,72,,,QA/quant,1
QA,QA-MCQ-13,1,mcsc,text,"For x > 0, what is the minimum value of x^2 + 250/x?",,270,,,,3,,100,70,75,80,,,QA/quant,1
QA,QA-MCQ-14,1,mcsc,text,What is the value of the product (log base 2 of 3)(log base 3 of 4)(log base 4 of 5) ... (log base 63 of 64)?,,230,,,,4,,5,8,32,6,,,QA/quant,1
QA,QA-MCQ-15,1,mcsc,text,"Points A(2, 3) and B(8, 5) lie in the coordinate plane. A point P is chosen on the x-axis. What is the least possible value of AP + PB?",,250,,,,4,,12,√52,√68,10,,,QA/quant,1
QA,QA-MCQ-16,1,mcsc,text,"Among 100 employees, 40 use Python, 48 use R, and 45 use SQL. Also 15 use both Python and R, 18 use both R and SQL, 12 use both Python and SQL, and 8 use all three tools. How many employees use exactly one of the three tools?",,260,,,,1,,67,96,75,59,,,QA/quant,1
QA,QA-MCQ-17,1,mcsc,text,What is the sum 1/(1*3) + 1/(3*5) + 1/(5*7) + ... + 1/(19*21)?,,240,,,,2,,9/19,10/21,20/21,11/23,,,QA/quant,1
QA,QA-TITA-1,1,tita,text,Find the sum of all positive integer divisors of 360 (including 1 and 360 themselves).,1170,240,,,,,,,,,,,,QA/quant,0.5
QA,QA-TITA-2,1,tita,text,An arithmetic progression has first term 7 and common difference 4. Find the sum of its first 30 terms.,1950,220,,,,,,,,,,,,QA/quant,0.5
QA,QA-TITA-3,1,tita,text,"What is the remainder when 17 raised to the power 256 is divided by 100? (In other words, give the last two digits of 17^256.)",81,420,,,,,,,,,,,,QA/quant,1
QA,QA-TITA-4,1,tita,text,"In a group of 200 people, 100 use app A, 90 use app B and 80 use app C. Exactly 40 people use all three apps and exactly 20 people use none of the three. How many people use exactly two of the three apps?",10,450,,,,,,,,,,,,QA/quant,1
QA,QA-TITA-5,1,tita,text,"A positive integer 30 is to be written as a sum of one or more positive integers. Over all such ways, what is the maximum possible value of the product of those parts?",59049,430,,,,,,,,,,,,QA/quant,1
